Time,Distance_to_Goal,Front_Distance,Front_Std,Uncertainty_Class,Linear_Speed,Angular_Speed
1.32,3.901,0.94,0.771,HIGH,0.1,0.0
1.41,3.901,0.94,0.771,HIGH,0.1,0.0
1.51,3.901,0.94,0.771,HIGH,0.1,0.0
1.65,3.901,0.94,0.771,HIGH,0.1,0.0
1.72,3.901,0.94,0.771,HIGH,0.1,0.0
1.8,3.901,0.94,0.771,HIGH,0.1,0.0
1.94,3.9,0.94,0.771,HIGH,0.1,0.0
2.02,3.9,0.94,0.771,HIGH,0.1,0.0
2.08,3.9,0.94,0.771,HIGH,0.1,0.0
2.2,3.899,0.94,0.771,HIGH,0.1,0.0
2.3,3.899,0.94,0.771,HIGH,0.1,0.0
2.47,3.899,0.94,0.771,HIGH,0.1,0.0
2.48,3.899,0.94,0.771,HIGH,0.1,0.0
2.6,3.898,0.94,0.771,HIGH,0.1,0.0
2.69,3.896,0.94,0.771,HIGH,0.1,0.0
2.85,3.896,0.94,0.771,HIGH,0.1,0.0
3.03,3.896,0.94,0.771,HIGH,0.1,0.0
3.12,3.896,0.94,0.771,HIGH,0.1,0.0
3.27,3.894,0.94,0.771,HIGH,0.1,0.0
3.34,3.894,0.94,0.771,HIGH,0.1,0.0
3.42,3.892,0.94,0.771,HIGH,0.1,0.0
3.52,3.892,0.94,0.771,HIGH,0.1,0.0
3.61,3.892,0.94,0.771,HIGH,0.1,0.0
3.73,3.89,0.94,0.771,HIGH,0.1,0.0
3.79,3.888,0.92,0.773,HIGH,0.1,0.0
3.9,3.888,0.92,0.773,HIGH,0.1,0.0
4.03,3.888,0.92,0.773,HIGH,0.1,0.0
4.12,3.886,0.92,0.773,HIGH,0.1,0.0
4.39,3.886,0.92,0.773,HIGH,0.1,0.0
4.46,3.886,0.92,0.773,HIGH,0.1,0.0
4.58,3.886,0.92,0.773,HIGH,0.1,0.0
4.74,3.886,0.92,0.773,HIGH,0.1,0.0
4.95,3.886,0.92,0.773,HIGH,0.1,0.0
5.02,3.884,0.92,0.773,HIGH,0.1,0.0
5.05,3.884,0.92,0.773,HIGH,0.1,0.0
5.18,3.882,0.92,0.773,HIGH,0.1,0.0
5.22,3.882,0.92,0.773,HIGH,0.1,0.0
5.28,3.88,0.92,0.773,HIGH,0.1,0.0
5.4,3.88,0.92,0.773,HIGH,0.1,0.0
5.51,3.878,0.92,0.773,HIGH,0.1,0.0
5.61,3.878,0.92,0.773,HIGH,0.1,0.0
5.76,3.878,0.92,0.773,HIGH,0.1,0.0
5.84,3.878,0.92,0.773,HIGH,0.1,0.0
5.89,3.876,0.92,0.773,HIGH,0.1,0.0
6.04,3.874,0.92,0.773,HIGH,0.1,0.0
6.14,3.874,0.92,0.773,HIGH,0.1,0.0
6.23,3.874,0.92,0.773,HIGH,0.1,0.0
6.3,3.874,0.92,0.773,HIGH,0.1,0.0
6.38,3.874,0.92,0.773,HIGH,0.1,0.0
6.51,3.874,0.92,0.773,HIGH,0.1,0.0
6.66,3.872,0.92,0.773,HIGH,0.1,0.0
6.68,3.872,0.92,0.773,HIGH,0.1,0.0
6.9,3.87,0.913,0.767,HIGH,0.1,0.0
6.93,3.87,0.913,0.767,HIGH,0.1,0.0
7.0,3.868,0.913,0.767,HIGH,0.1,0.0
7.16,3.868,0.913,0.767,HIGH,0.1,0.0
7.29,3.868,0.913,0.767,HIGH,0.1,0.0
7.3,3.868,0.913,0.767,HIGH,0.1,0.0
7.49,3.866,0.913,0.767,HIGH,0.1,0.0
7.57,3.864,0.913,0.767,HIGH,0.1,0.0
7.59,3.864,0.913,0.767,HIGH,0.1,0.0
7.78,3.864,0.913,0.767,HIGH,0.1,0.0
7.84,3.864,0.913,0.767,HIGH,0.1,0.0
7.92,3.862,0.913,0.767,HIGH,0.1,0.0
8.01,3.862,0.913,0.767,HIGH,0.1,0.0
8.14,3.862,0.913,0.767,HIGH,0.1,0.0
8.2,3.862,0.913,0.767,HIGH,0.1,0.0
8.42,3.86,0.913,0.767,HIGH,0.1,0.0
8.54,3.86,0.913,0.767,HIGH,0.1,0.0
8.59,3.86,0.913,0.767,HIGH,0.1,0.0
8.7,3.86,0.913,0.767,HIGH,0.1,0.0
8.72,3.858,0.913,0.767,HIGH,0.1,0.0
8.79,3.858,0.913,0.767,HIGH,0.1,0.0
8.91,3.858,0.913,0.767,HIGH,0.1,0.0
8.99,3.856,0.913,0.767,HIGH,0.1,0.0
9.11,3.854,0.913,0.767,HIGH,0.1,0.0
9.21,3.854,0.913,0.767,HIGH,0.1,0.0
9.34,3.854,0.913,0.767,HIGH,0.1,0.0
9.41,3.854,0.913,0.767,HIGH,0.1,0.0
9.55,3.854,0.913,0.767,HIGH,0.1,0.0
9.61,3.854,0.913,0.767,HIGH,0.1,0.0
9.68,3.85,0.913,0.767,HIGH,0.1,0.0
9.82,3.846,0.913,0.767,HIGH,0.1,0.0
9.93,3.844,0.903,0.765,HIGH,0.1,0.0
10.04,3.844,0.903,0.765,HIGH,0.1,0.0
10.14,3.844,0.903,0.765,HIGH,0.1,0.0
10.24,3.844,0.903,0.765,HIGH,0.1,0.0
10.33,3.842,0.903,0.765,HIGH,0.1,0.0
10.39,3.842,0.903,0.765,HIGH,0.1,0.0
10.62,3.842,0.903,0.765,HIGH,0.1,0.0
10.78,3.842,0.903,0.765,HIGH,0.1,0.0
10.9,3.84,0.903,0.765,HIGH,0.1,0.0
10.96,3.84,0.903,0.765,HIGH,0.1,0.0
10.98,3.84,0.903,0.765,HIGH,0.1,0.0
11.17,3.838,0.903,0.765,HIGH,0.1,0.0
11.19,3.838,0.903,0.765,HIGH,0.1,0.0
11.35,3.836,0.903,0.765,HIGH,0.1,0.0
11.44,3.836,0.903,0.765,HIGH,0.1,0.0
11.49,3.834,0.903,0.765,HIGH,0.1,0.0
11.64,3.832,0.903,0.765,HIGH,0.1,0.0
11.71,3.83,0.903,0.765,HIGH,0.1,0.0
11.79,3.828,0.883,0.749,HIGH,0.1,0.0
11.9,3.828,0.883,0.749,HIGH,0.1,0.0
12.01,3.826,0.883,0.749,HIGH,0.1,0.0
12.1,3.824,0.883,0.749,HIGH,0.1,0.0
12.19,3.824,0.883,0.749,HIGH,0.1,0.0
12.29,3.822,0.883,0.749,HIGH,0.1,0.0
12.37,3.822,0.883,0.749,HIGH,0.1,0.0
12.5,3.822,0.883,0.749,HIGH,0.1,0.0
12.65,3.82,0.883,0.749,HIGH,0.1,0.0
12.72,3.818,0.883,0.749,HIGH,0.1,0.0
12.79,3.818,0.883,0.749,HIGH,0.1,0.0
12.92,3.816,0.883,0.749,HIGH,0.1,0.0
12.98,3.812,0.883,0.749,HIGH,0.1,0.0
13.09,3.81,0.883,0.749,HIGH,0.1,0.0
13.24,3.81,0.883,0.749,HIGH,0.1,0.0
13.31,3.808,0.885,0.741,HIGH,0.1,0.0
13.41,3.806,0.885,0.741,HIGH,0.1,0.0
13.49,3.806,0.885,0.741,HIGH,0.1,0.0
13.6,3.804,0.885,0.741,HIGH,0.1,0.0
13.68,3.802,0.885,0.741,HIGH,0.1,0.0
13.8,3.802,0.885,0.741,HIGH,0.1,0.0
13.93,3.8,0.885,0.741,HIGH,0.1,0.0
13.98,3.8,0.885,0.741,HIGH,0.1,0.0
14.13,3.798,0.885,0.741,HIGH,0.1,0.0
14.27,3.798,0.885,0.741,HIGH,0.1,0.0
14.32,3.798,0.885,0.741,HIGH,0.1,0.0
14.39,3.796,0.885,0.741,HIGH,0.1,0.0
14.5,3.794,0.885,0.741,HIGH,0.1,0.0
14.62,3.794,0.885,0.741,HIGH,0.1,0.0
14.73,3.794,0.885,0.741,HIGH,0.1,0.0
14.81,3.794,0.885,0.741,HIGH,0.1,0.0
14.91,3.792,0.885,0.741,HIGH,0.1,0.0
15.03,3.792,0.885,0.741,HIGH,0.1,0.0
15.12,3.792,0.885,0.741,HIGH,0.1,0.0
15.24,3.79,0.885,0.741,HIGH,0.1,0.0
15.3,3.79,0.885,0.741,HIGH,0.1,0.0
15.38,3.79,0.885,0.741,HIGH,0.1,0.0
15.56,3.79,0.882,0.753,HIGH,0.1,0.0
15.63,3.79,0.882,0.753,HIGH,0.1,0.0
15.68,3.788,0.882,0.753,HIGH,0.1,0.0
15.81,3.786,0.882,0.753,HIGH,0.1,0.0
15.88,3.784,0.882,0.753,HIGH,0.1,0.0
16.0,3.782,0.882,0.753,HIGH,0.1,0.0
16.11,3.782,0.882,0.753,HIGH,0.1,0.0
16.19,3.78,0.882,0.753,HIGH,0.1,0.0
16.29,3.776,0.882,0.753,HIGH,0.1,0.0
16.42,3.772,0.882,0.753,HIGH,0.1,0.0
16.54,3.772,0.882,0.753,HIGH,0.1,0.0
16.58,3.77,0.882,0.753,HIGH,0.1,0.0
16.69,3.77,0.878,0.733,HIGH,0.1,0.0
16.8,3.768,0.878,0.733,HIGH,0.1,0.0
16.88,3.766,0.878,0.733,HIGH,0.1,0.0
16.99,3.766,0.878,0.733,HIGH,0.1,0.0
17.11,3.764,0.878,0.733,HIGH,0.1,0.0
17.18,3.762,0.878,0.733,HIGH,0.1,0.0
17.28,3.76,0.878,0.733,HIGH,0.1,0.0
17.39,3.758,0.878,0.733,HIGH,0.1,0.0
17.52,3.756,0.878,0.733,HIGH,0.1,0.0
17.59,3.754,0.878,0.733,HIGH,0.1,0.0
17.75,3.752,0.878,0.733,HIGH,0.1,0.0
17.84,3.748,0.878,0.733,HIGH,0.1,0.0
17.88,3.746,0.878,0.733,HIGH,0.1,0.0
18.0,3.744,0.86,0.723,HIGH,0.1,0.0
18.11,3.742,0.86,0.723,HIGH,0.1,0.0
18.2,3.742,0.86,0.723,HIGH,0.1,0.0
18.29,3.74,0.86,0.723,HIGH,0.1,0.0
18.42,3.738,0.86,0.723,HIGH,0.1,0.0
18.48,3.738,0.86,0.723,HIGH,0.1,0.0
18.58,3.736,0.86,0.723,HIGH,0.1,0.0
18.72,3.732,0.86,0.723,HIGH,0.1,0.0
18.79,3.732,0.86,0.723,HIGH,0.1,0.0
18.9,3.73,0.86,0.723,HIGH,0.1,0.0
19.02,3.73,0.872,0.673,HIGH,0.1,0.0
19.07,3.728,0.872,0.673,HIGH,0.1,0.0
19.21,3.728,0.872,0.673,HIGH,0.1,0.0
19.29,3.724,0.872,0.673,HIGH,0.1,0.0
19.4,3.72,0.872,0.673,HIGH,0.1,0.0
19.5,3.718,0.872,0.673,HIGH,0.1,0.0
19.63,3.716,0.872,0.673,HIGH,0.1,0.0
19.71,3.714,0.872,0.673,HIGH,0.1,0.0
19.78,3.712,0.872,0.673,HIGH,0.1,0.0
19.94,3.712,0.872,0.673,HIGH,0.1,0.0
20.02,3.71,0.872,0.673,HIGH,0.1,0.0
20.12,3.71,0.872,0.673,HIGH,0.1,0.0
20.19,3.708,1.773,0.654,HIGH,0.1,0.0
20.29,3.706,1.773,0.654,HIGH,0.1,0.0
20.4,3.704,1.773,0.654,HIGH,0.1,0.0
20.51,3.702,1.773,0.654,HIGH,0.1,0.0
20.59,3.7,1.773,0.654,HIGH,0.1,0.0
20.71,3.7,1.773,0.654,HIGH,0.1,0.0
20.79,3.696,1.773,0.654,HIGH,0.1,0.0
20.93,3.696,1.773,0.654,HIGH,0.1,0.0
21.01,3.694,1.773,0.654,HIGH,0.1,0.0
21.14,3.694,1.773,0.654,HIGH,0.1,0.0
21.21,3.692,1.773,0.654,HIGH,0.1,0.0
21.31,3.692,1.773,0.654,HIGH,0.1,0.0
21.4,3.69,1.773,0.654,HIGH,0.1,0.0
21.5,3.688,1.74,0.666,HIGH,0.1,0.0
21.62,3.688,1.74,0.666,HIGH,0.1,0.0
21.68,3.686,1.74,0.666,HIGH,0.1,0.0
21.79,3.686,1.74,0.666,HIGH,0.1,0.0
21.88,3.684,1.74,0.666,HIGH,0.1,0.0
22.05,3.682,1.74,0.666,HIGH,0.1,0.0
22.14,3.68,1.74,0.666,HIGH,0.1,0.0
22.23,3.68,1.74,0.666,HIGH,0.1,0.0
22.36,3.678,1.74,0.666,HIGH,0.1,0.0
22.39,3.678,1.74,0.666,HIGH,0.1,0.0
22.49,3.676,1.74,0.666,HIGH,0.1,0.0
22.61,3.674,1.74,0.666,HIGH,0.1,0.0
22.7,3.674,1.74,0.666,HIGH,0.1,0.0
22.81,3.672,1.74,0.666,HIGH,0.1,0.0
22.89,3.672,1.74,0.666,HIGH,0.1,0.0
23.0,3.67,1.719,0.643,HIGH,0.1,0.0
23.09,3.668,1.719,0.643,HIGH,0.1,0.0
23.21,3.668,1.719,0.643,HIGH,0.1,0.0
23.27,3.666,1.719,0.643,HIGH,0.1,0.0
23.39,3.664,1.719,0.643,HIGH,0.1,0.0
23.48,3.662,1.719,0.643,HIGH,0.1,0.0
23.61,3.662,1.719,0.643,HIGH,0.1,0.0
23.73,3.66,1.719,0.643,HIGH,0.1,0.0
23.82,3.66,1.719,0.643,HIGH,0.1,0.0
23.91,3.658,1.719,0.643,HIGH,0.1,0.0
23.98,3.656,1.719,0.643,HIGH,0.1,0.0
24.17,3.654,1.719,0.643,HIGH,0.1,0.0
24.22,3.654,1.719,0.643,HIGH,0.1,0.0
24.31,3.652,1.719,0.643,HIGH,0.1,0.0
24.37,3.65,1.719,0.643,HIGH,0.1,0.0
24.5,3.65,1.699,0.63,HIGH,0.1,0.0
24.57,3.648,1.699,0.63,HIGH,0.1,0.0
24.73,3.646,1.699,0.63,HIGH,0.1,0.0
24.78,3.646,1.699,0.63,HIGH,0.1,0.0
24.9,3.644,1.699,0.63,HIGH,0.1,0.0
24.97,3.642,1.699,0.63,HIGH,0.1,0.0
25.13,3.642,1.699,0.63,HIGH,0.1,0.0
25.2,3.64,1.699,0.63,HIGH,0.1,0.0
25.28,3.638,1.699,0.63,HIGH,0.1,0.0
25.45,3.638,1.699,0.63,HIGH,0.1,0.0
25.52,3.636,1.699,0.63,HIGH,0.1,0.0
25.64,3.636,1.699,0.63,HIGH,0.1,0.0
25.73,3.636,1.699,0.63,HIGH,0.1,0.0
25.82,3.632,1.699,0.63,HIGH,0.1,0.0
25.89,3.632,1.699,0.63,HIGH,0.1,0.0
25.98,3.628,1.699,0.63,HIGH,0.1,0.0
26.11,3.628,1.699,0.63,HIGH,0.1,0.0
26.18,3.626,1.683,0.7,HIGH,0.1,0.0
26.3,3.626,1.683,0.7,HIGH,0.1,0.0
26.43,3.624,1.683,0.7,HIGH,0.1,0.0
26.51,3.622,1.683,0.7,HIGH,0.1,0.0
26.59,3.62,1.683,0.7,HIGH,0.1,0.0
26.71,3.618,1.683,0.7,HIGH,0.1,0.0
26.79,3.618,1.683,0.7,HIGH,0.1,0.0
26.91,3.616,1.683,0.7,HIGH,0.1,0.0
26.99,3.612,1.683,0.7,HIGH,0.1,0.0
27.1,3.61,1.683,0.7,HIGH,0.1,0.0
27.2,3.61,1.666,0.763,HIGH,0.1,0.0
27.3,3.608,1.666,0.763,HIGH,0.1,0.0
27.39,3.608,1.666,0.763,HIGH,0.1,0.0
27.5,3.606,1.666,0.763,HIGH,0.1,0.0
27.62,3.606,1.666,0.763,HIGH,0.1,0.0
27.71,3.602,1.666,0.763,HIGH,0.1,0.0
27.8,3.602,1.666,0.763,HIGH,0.1,0.0
27.9,3.6,1.666,0.763,HIGH,0.1,0.0
28.03,3.598,1.666,0.763,HIGH,0.1,0.0
28.07,3.596,1.666,0.763,HIGH,0.1,0.0
28.19,3.596,1.666,0.763,HIGH,0.1,0.0
28.34,3.594,1.666,0.763,HIGH,0.1,0.0
28.39,3.594,1.666,0.763,HIGH,0.1,0.0
28.5,3.592,1.666,0.763,HIGH,0.1,0.0
28.63,3.592,1.666,0.763,HIGH,0.1,0.0
28.68,3.59,1.666,0.763,HIGH,0.1,0.0
28.8,3.59,1.649,0.764,HIGH,0.1,0.0
28.9,3.586,1.649,0.764,HIGH,0.1,0.0
29.02,3.586,1.649,0.764,HIGH,0.1,0.0
29.09,3.584,1.649,0.764,HIGH,0.1,0.0
29.2,3.582,1.649,0.764,HIGH,0.1,0.0
29.28,3.58,1.649,0.764,HIGH,0.1,0.0
29.41,3.578,1.649,0.764,HIGH,0.1,0.0
29.49,3.576,1.649,0.764,HIGH,0.1,0.0
29.6,3.574,1.649,0.764,HIGH,0.1,0.0
29.69,3.572,1.649,0.764,HIGH,0.1,0.0
29.79,3.57,1.649,0.764,HIGH,0.1,0.0
29.91,3.57,1.649,0.764,HIGH,0.1,0.0
29.99,3.568,1.635,0.742,HIGH,0.1,0.0
30.09,3.566,1.635,0.742,HIGH,0.1,0.0
30.2,3.564,1.635,0.742,HIGH,0.1,0.0
30.36,3.56,1.635,0.742,HIGH,0.1,0.0
30.39,3.56,1.635,0.742,HIGH,0.1,0.0
30.54,3.56,1.635,0.742,HIGH,0.1,0.0
30.58,3.558,1.635,0.742,HIGH,0.1,0.0
30.71,3.558,1.635,0.742,HIGH,0.1,0.0
30.79,3.556,1.635,0.742,HIGH,0.1,0.0
30.91,3.554,1.635,0.742,HIGH,0.1,0.0
31.03,3.554,1.635,0.742,HIGH,0.1,0.0
31.11,3.552,1.635,0.742,HIGH,0.1,0.0
31.19,3.552,1.635,0.742,HIGH,0.1,0.0
31.28,3.55,1.61,0.742,HIGH,0.1,0.0
31.43,3.55,1.61,0.718,HIGH,0.1,0.0
31.51,3.548,1.61,0.718,HIGH,0.1,0.0
31.61,3.548,1.61,0.718,HIGH,0.1,0.0
31.71,3.544,1.61,0.718,HIGH,0.1,0.0
31.82,3.542,1.61,0.718,HIGH,0.1,0.0
31.87,3.54,1.61,0.718,HIGH,0.1,0.0
31.99,3.54,1.61,0.718,HIGH,0.1,0.0
32.14,3.536,1.61,0.718,HIGH,0.1,0.0
32.18,3.534,1.61,0.718,HIGH,0.1,0.0
32.27,3.534,1.61,0.718,HIGH,0.1,0.0
32.39,3.53,1.61,0.718,HIGH,0.1,0.0
32.49,3.528,1.584,0.69,HIGH,0.1,0.0
32.59,3.526,1.584,0.69,HIGH,0.1,0.0
32.67,3.524,1.584,0.69,HIGH,0.1,0.0
32.82,3.52,1.584,0.69,HIGH,0.1,0.0
32.89,3.52,1.584,0.69,HIGH,0.1,0.0
32.98,3.518,1.584,0.69,HIGH,0.1,0.0
33.09,3.516,1.584,0.69,HIGH,0.1,0.0
33.2,3.514,1.584,0.69,HIGH,0.1,0.0
33.31,3.512,1.584,0.69,HIGH,0.1,0.0
33.4,3.51,1.584,0.69,HIGH,0.1,0.0
33.51,3.51,1.567,0.69,HIGH,0.1,0.0
33.59,3.508,1.567,0.69,HIGH,0.1,0.0
33.69,3.506,1.567,0.69,HIGH,0.1,0.0
33.81,3.502,1.567,0.69,HIGH,0.1,0.0
33.93,3.5,1.567,0.69,HIGH,0.1,0.0
34.01,3.498,1.567,0.69,HIGH,0.1,0.0
34.1,3.496,1.567,0.69,HIGH,0.1,0.0
34.19,3.494,1.567,0.69,HIGH,0.1,0.0
34.3,3.492,1.567,0.69,HIGH,0.1,0.0
34.39,3.492,1.567,0.69,HIGH,0.1,0.0
34.49,3.49,1.562,0.691,HIGH,0.1,0.0
34.59,3.488,1.562,0.691,HIGH,0.1,0.0
34.71,3.486,1.562,0.691,HIGH,0.1,0.0
34.86,3.486,1.562,0.691,HIGH,0.1,0.0
34.89,3.486,1.562,0.691,HIGH,0.1,0.0
34.99,3.484,1.562,0.691,HIGH,0.1,0.0
35.11,3.482,1.562,0.691,HIGH,0.1,0.0
35.2,3.48,1.562,0.691,HIGH,0.1,0.0
35.33,3.48,1.562,0.691,HIGH,0.1,0.0
35.39,3.474,1.562,0.691,HIGH,0.1,0.0
35.48,3.472,1.562,0.691,HIGH,0.1,0.0
35.65,3.47,1.562,0.691,HIGH,0.1,0.0
35.69,3.466,1.562,0.691,HIGH,0.1,0.0
35.8,3.462,1.533,0.691,HIGH,0.1,0.0
35.9,3.46,1.533,0.695,HIGH,0.1,0.0
35.98,3.458,1.533,0.695,HIGH,0.1,0.0
36.1,3.458,1.533,0.695,HIGH,0.1,0.0
36.23,3.456,1.533,0.695,HIGH,0.1,0.0
36.32,3.454,1.533,0.695,HIGH,0.1,0.0
36.4,3.454,1.533,0.695,HIGH,0.1,0.0
36.53,3.452,1.533,0.695,HIGH,0.1,0.0
36.63,3.452,1.533,0.695,HIGH,0.1,0.0
36.75,3.45,1.533,0.695,HIGH,0.1,0.0
36.78,3.45,1.533,0.695,HIGH,0.1,0.0
36.88,3.45,1.533,0.695,HIGH,0.1,0.0
37.01,3.448,1.533,0.695,HIGH,0.1,0.0
37.1,3.448,1.514,0.674,HIGH,0.1,0.0
37.19,3.448,1.514,0.674,HIGH,0.1,0.0
37.3,3.446,1.514,0.674,HIGH,0.1,0.0
37.42,3.444,1.514,0.674,HIGH,0.1,0.0
37.5,3.444,1.514,0.674,HIGH,0.1,0.0
37.6,3.444,1.514,0.674,HIGH,0.1,0.0
37.67,3.442,1.514,0.674,HIGH,0.1,0.0
37.84,3.442,1.514,0.674,HIGH,0.1,0.0
37.95,3.44,1.514,0.674,HIGH,0.1,0.0
38.07,3.44,1.514,0.674,HIGH,0.1,0.0
38.2,3.44,1.514,0.674,HIGH,0.1,0.0
38.26,3.44,1.514,0.674,HIGH,0.1,0.0
38.33,3.438,1.514,0.674,HIGH,0.1,0.0
38.57,3.438,1.514,0.674,HIGH,0.1,0.0
38.7,3.438,1.514,0.674,HIGH,0.1,0.0
38.78,3.436,1.514,0.674,HIGH,0.1,0.0
38.84,3.436,1.514,0.674,HIGH,0.1,0.0
38.89,3.436,1.514,0.674,HIGH,0.1,0.0
39.03,3.436,1.514,0.674,HIGH,0.1,0.0
39.1,3.434,1.514,0.674,HIGH,0.1,0.0
39.19,3.434,1.514,0.674,HIGH,0.1,0.0
39.28,3.432,1.514,0.674,HIGH,0.1,0.0
39.46,3.432,1.514,0.674,HIGH,0.1,0.0
39.51,3.432,1.514,0.674,HIGH,0.1,0.0
39.68,3.432,1.514,0.674,HIGH,0.1,0.0
39.71,3.43,1.514,0.674,HIGH,0.1,0.0
39.83,3.43,1.514,0.674,HIGH,0.1,0.0
39.91,3.43,1.489,0.672,HIGH,0.1,0.0
40.05,3.428,1.489,0.672,HIGH,0.1,0.0
40.12,3.428,1.489,0.672,HIGH,0.1,0.0
40.18,3.428,1.489,0.672,HIGH,0.1,0.0
40.34,3.428,1.489,0.672,HIGH,0.1,0.0
40.48,3.426,1.489,0.672,HIGH,0.1,0.0
40.58,3.426,1.489,0.672,HIGH,0.1,0.0
40.64,3.426,1.489,0.672,HIGH,0.1,0.0
40.7,3.426,1.489,0.672,HIGH,0.1,0.0
40.8,3.424,1.489,0.672,HIGH,0.1,0.0
40.92,3.424,1.489,0.672,HIGH,0.1,0.0
40.99,3.424,1.489,0.672,HIGH,0.1,0.0
41.21,3.422,1.489,0.672,HIGH,0.1,0.0
41.29,3.422,1.489,0.672,HIGH,0.1,0.0
41.34,3.422,1.489,0.672,HIGH,0.1,0.0
41.45,3.422,1.489,0.672,HIGH,0.1,0.0
41.58,3.42,1.489,0.672,HIGH,0.1,0.0
41.64,3.42,1.489,0.672,HIGH,0.1,0.0
41.78,3.42,1.489,0.672,HIGH,0.1,0.0
41.83,3.418,1.489,0.672,HIGH,0.1,0.0
41.89,3.418,1.489,0.672,HIGH,0.1,0.0
42.02,3.416,1.489,0.672,HIGH,0.1,0.0
42.12,3.416,1.489,0.672,HIGH,0.1,0.0
42.2,3.414,1.489,0.672,HIGH,0.1,0.0
42.32,3.414,1.489,0.672,HIGH,0.1,0.0
42.39,3.414,1.489,0.672,HIGH,0.1,0.0
42.5,3.412,1.489,0.672,HIGH,0.1,0.0
42.63,3.412,1.489,0.672,HIGH,0.1,0.0
42.76,3.412,1.489,0.672,HIGH,0.1,0.0
42.87,3.41,1.489,0.672,HIGH,0.1,0.0
43.06,3.41,1.489,0.672,HIGH,0.1,0.0
43.16,3.41,1.489,0.672,HIGH,0.1,0.0
43.19,3.41,1.467,0.648,HIGH,0.1,0.0
43.34,3.408,1.467,0.648,HIGH,0.1,0.0
43.42,3.408,1.467,0.648,HIGH,0.1,0.0
43.56,3.408,1.467,0.648,HIGH,0.1,0.0
43.58,3.408,1.467,0.648,HIGH,0.1,0.0
43.72,3.406,1.467,0.648,HIGH,0.1,0.0
43.77,3.406,1.467,0.648,HIGH,0.1,0.0
43.91,3.404,1.467,0.648,HIGH,0.1,0.0
44.02,3.404,1.467,0.648,HIGH,0.1,0.0
44.1,3.402,1.467,0.648,HIGH,0.1,0.0
44.23,3.402,1.467,0.648,HIGH,0.1,0.0
44.35,3.4,1.467,0.648,HIGH,0.1,0.0
44.42,3.4,1.467,0.648,HIGH,0.1,0.0
44.48,3.4,1.467,0.648,HIGH,0.1,0.0
44.58,3.398,1.467,0.648,HIGH,0.1,0.0
44.75,3.398,1.467,0.648,HIGH,0.1,0.0
44.8,3.396,1.467,0.648,HIGH,0.1,0.0
44.88,3.396,1.467,0.648,HIGH,0.1,0.0
44.99,3.394,1.467,0.648,HIGH,0.1,0.0
45.1,3.392,1.467,0.648,HIGH,0.1,0.0
45.22,3.39,1.467,0.648,HIGH,0.1,0.0
45.36,3.39,1.467,0.648,HIGH,0.1,0.0
45.39,3.388,1.467,0.648,HIGH,0.1,0.0
45.49,3.388,1.463,0.637,HIGH,0.1,0.0
45.62,3.388,1.463,0.637,HIGH,0.1,0.0
45.71,3.386,1.463,0.637,HIGH,0.1,0.0
45.82,3.386,1.463,0.637,HIGH,0.1,0.0
45.93,3.384,1.463,0.637,HIGH,0.1,0.0
46.06,3.384,1.463,0.637,HIGH,0.1,0.0
46.07,3.384,1.463,0.637,HIGH,0.1,0.0
46.27,3.382,1.463,0.637,HIGH,0.1,0.0
46.39,3.382,1.463,0.637,HIGH,0.1,0.0
46.45,3.382,1.463,0.637,HIGH,0.1,0.0
46.5,3.38,1.463,0.637,HIGH,0.1,0.0
46.65,3.378,1.463,0.637,HIGH,0.1,0.0
46.79,3.376,1.463,0.637,HIGH,0.1,0.0
46.91,3.374,1.463,0.637,HIGH,0.1,0.0
47.02,3.372,1.463,0.637,HIGH,0.1,0.0
47.07,3.372,1.463,0.637,HIGH,0.1,0.0
47.11,3.37,1.463,0.637,HIGH,0.1,0.0
47.19,3.37,1.463,0.637,HIGH,0.1,0.0
47.29,3.37,1.463,0.637,HIGH,0.1,0.0
47.42,3.368,1.463,0.637,HIGH,0.1,0.0
47.5,3.368,1.439,0.64,HIGH,0.1,0.0
47.62,3.366,1.439,0.64,HIGH,0.1,0.0
47.68,3.366,1.439,0.64,HIGH,0.1,0.0
47.78,3.366,1.439,0.64,HIGH,0.1,0.0
47.9,3.364,1.439,0.64,HIGH,0.1,0.0
48.0,3.364,1.439,0.64,HIGH,0.1,0.0
48.09,3.364,1.439,0.64,HIGH,0.1,0.0
48.17,3.362,1.439,0.64,HIGH,0.1,0.0
48.33,3.362,1.439,0.64,HIGH,0.1,0.0
48.44,3.36,1.439,0.64,HIGH,0.1,0.0
48.63,3.36,1.439,0.64,HIGH,0.1,0.0
48.64,3.36,1.439,0.64,HIGH,0.1,0.0
48.77,3.358,1.439,0.64,HIGH,0.1,0.0
48.8,3.358,1.439,0.64,HIGH,0.1,0.0
48.97,3.358,1.439,0.64,HIGH,0.1,0.0
49.01,3.356,1.439,0.64,HIGH,0.1,0.0
49.18,3.356,1.439,0.64,HIGH,0.1,0.0
49.21,3.356,1.439,0.64,HIGH,0.1,0.0
49.32,3.354,1.439,0.64,HIGH,0.1,0.0
49.41,3.354,1.439,0.64,HIGH,0.1,0.0
49.52,3.354,1.439,0.64,HIGH,0.1,0.0
49.65,3.352,1.439,0.64,HIGH,0.1,0.0
49.84,3.352,1.439,0.64,HIGH,0.1,0.0
49.94,3.352,1.439,0.64,HIGH,0.1,0.0
50.04,3.35,1.439,0.64,HIGH,0.1,0.0
50.09,3.348,1.439,0.64,HIGH,0.1,0.0
50.18,3.346,1.425,0.64,HIGH,0.1,0.0
50.31,3.346,1.425,0.609,HIGH,0.1,0.0
50.43,3.344,1.425,0.609,HIGH,0.1,0.0
50.48,3.344,1.425,0.609,HIGH,0.1,0.0
50.64,3.342,1.425,0.609,HIGH,0.1,0.0
50.71,3.342,1.425,0.609,HIGH,0.1,0.0
50.81,3.34,1.425,0.609,HIGH,0.1,0.0
50.93,3.34,1.425,0.609,HIGH,0.1,0.0
51.01,3.338,1.425,0.609,HIGH,0.1,0.0
51.13,3.338,1.425,0.609,HIGH,0.1,0.0
51.2,3.338,1.425,0.609,HIGH,0.1,0.0
51.28,3.336,1.425,0.609,HIGH,0.1,0.0
51.4,3.336,1.425,0.609,HIGH,0.1,0.0
51.5,3.334,1.425,0.609,HIGH,0.1,0.0
51.8,3.334,1.425,0.609,HIGH,0.1,0.0
51.84,3.332,1.425,0.609,HIGH,0.1,0.0
52.03,3.332,1.425,0.609,HIGH,0.1,0.0
52.16,3.33,1.425,0.609,HIGH,0.1,0.0
52.23,3.33,1.425,0.609,HIGH,0.1,0.0
52.42,3.33,1.401,0.587,HIGH,0.1,0.0
52.47,3.33,1.401,0.587,HIGH,0.1,0.0
52.51,3.328,1.401,0.587,HIGH,0.1,0.0
52.63,3.328,1.401,0.587,HIGH,0.1,0.0
52.72,3.328,1.401,0.587,HIGH,0.1,0.0
52.85,3.326,1.401,0.587,HIGH,0.1,0.0
52.89,3.324,1.401,0.587,HIGH,0.1,0.0
53.02,3.324,1.401,0.587,HIGH,0.1,0.0
53.1,3.324,1.401,0.587,HIGH,0.1,0.0
53.2,3.322,1.401,0.587,HIGH,0.1,0.0
53.3,3.322,1.401,0.587,HIGH,0.1,0.0
53.46,3.32,1.401,0.587,HIGH,0.1,0.0
53.5,3.32,1.401,0.587,HIGH,0.1,0.0
53.6,3.318,1.401,0.587,HIGH,0.1,0.0
53.69,3.318,1.401,0.587,HIGH,0.1,0.0
53.82,3.316,1.401,0.587,HIGH,0.1,0.0
53.91,3.316,1.401,0.587,HIGH,0.1,0.0
53.99,3.314,1.401,0.587,HIGH,0.1,0.0
54.08,3.314,1.401,0.587,HIGH,0.1,0.0
54.19,3.312,1.401,0.587,HIGH,0.1,0.0
54.28,3.31,1.401,0.587,HIGH,0.1,0.0
54.43,3.308,1.38,0.596,HIGH,0.1,0.0
54.48,3.308,1.38,0.596,HIGH,0.1,0.0
54.6,3.306,1.38,0.596,HIGH,0.1,0.0
54.71,3.306,1.38,0.596,HIGH,0.1,0.0
54.79,3.304,1.38,0.596,HIGH,0.1,0.0
54.88,3.304,1.38,0.596,HIGH,0.1,0.0
54.99,3.3,1.38,0.596,HIGH,0.1,0.0
55.13,3.3,1.38,0.596,HIGH,0.1,0.0
55.23,3.298,1.38,0.596,HIGH,0.1,0.0
55.33,3.296,1.38,0.596,HIGH,0.1,0.0
55.38,3.294,1.38,0.596,HIGH,0.1,0.0
55.5,3.294,1.38,0.596,HIGH,0.1,0.0
55.58,3.292,1.38,0.596,HIGH,0.1,0.0
55.72,3.29,1.38,0.596,HIGH,0.1,0.0
55.84,3.29,1.38,0.596,HIGH,0.1,0.0
55.88,3.29,1.38,0.596,HIGH,0.1,0.0
56.0,3.288,1.353,0.593,HIGH,0.1,0.0
56.1,3.286,1.353,0.593,HIGH,0.1,0.0
56.21,3.284,1.353,0.593,HIGH,0.1,0.0
56.3,3.282,1.353,0.593,HIGH,0.1,0.0
56.39,3.282,1.353,0.593,HIGH,0.1,0.0
56.5,3.282,1.353,0.593,HIGH,0.1,0.0
56.61,3.282,1.353,0.593,HIGH,0.1,0.0
56.69,3.28,1.353,0.593,HIGH,0.1,0.0
56.78,3.278,1.353,0.593,HIGH,0.1,0.0
56.91,3.276,1.353,0.593,HIGH,0.1,0.0
57.02,3.276,1.353,0.593,HIGH,0.1,0.0
57.11,3.274,1.353,0.593,HIGH,0.1,0.0
57.19,3.274,1.353,0.593,HIGH,0.1,0.0
57.3,3.272,1.353,0.593,HIGH,0.1,0.0
57.42,3.272,1.353,0.593,HIGH,0.1,0.0
57.56,3.27,1.353,0.593,HIGH,0.1,0.0
57.59,3.27,1.353,0.593,HIGH,0.1,0.0
57.73,3.27,1.342,0.558,HIGH,0.1,0.0
57.79,3.268,1.342,0.558,HIGH,0.1,0.0
57.91,3.268,1.342,0.558,HIGH,0.1,0.0
58.01,3.268,1.342,0.558,HIGH,0.1,0.0
58.12,3.266,1.342,0.558,HIGH,0.1,0.0
58.24,3.266,1.342,0.558,HIGH,0.1,0.0
58.3,3.264,1.342,0.558,HIGH,0.1,0.0
58.39,3.264,1.342,0.558,HIGH,0.1,0.0
58.5,3.26,1.342,0.558,HIGH,0.1,0.0
58.6,3.26,1.342,0.558,HIGH,0.1,0.0
58.68,3.26,1.342,0.558,HIGH,0.1,0.0
58.8,3.258,1.342,0.558,HIGH,0.1,0.0
58.92,3.256,1.342,0.558,HIGH,0.1,0.0
59.0,3.256,1.342,0.558,HIGH,0.1,0.0
59.09,3.254,1.342,0.558,HIGH,0.1,0.0
59.18,3.252,1.342,0.558,HIGH,0.1,0.0
59.3,3.25,1.342,0.558,HIGH,0.1,0.0
59.4,3.25,1.342,0.558,HIGH,0.1,0.0
59.57,3.248,1.342,0.558,HIGH,0.1,0.0
59.59,3.248,1.342,0.558,HIGH,0.1,0.0
59.69,3.246,1.305,0.559,HIGH,0.1,0.0
59.8,3.244,1.305,0.559,HIGH,0.1,0.0
59.97,3.242,1.305,0.559,HIGH,0.1,0.0
60.03,3.242,1.305,0.559,HIGH,0.1,0.0
60.08,3.24,1.305,0.559,HIGH,0.1,0.0
60.18,3.238,1.305,0.559,HIGH,0.1,0.0
60.33,3.236,1.305,0.559,HIGH,0.1,0.0
60.38,3.234,1.305,0.559,HIGH,0.1,0.0
60.5,3.232,1.305,0.559,HIGH,0.1,0.0
60.66,3.23,1.305,0.559,HIGH,0.1,0.0
60.69,3.23,1.305,0.559,HIGH,0.1,0.0
60.8,3.228,1.302,0.512,HIGH,0.1,0.0
60.88,3.224,1.302,0.512,HIGH,0.1,0.0
60.97,3.224,1.302,0.512,HIGH,0.1,0.0
61.1,3.222,1.302,0.512,HIGH,0.1,0.0
61.19,3.222,1.302,0.512,HIGH,0.1,0.0
61.33,3.22,1.302,0.512,HIGH,0.1,0.0
61.39,3.22,1.302,0.512,HIGH,0.1,0.0
61.5,3.216,1.302,0.512,HIGH,0.1,0.0
61.59,3.214,1.302,0.512,HIGH,0.1,0.0
61.76,3.212,1.302,0.512,HIGH,0.1,0.0
61.85,3.212,1.302,0.512,HIGH,0.1,0.0
61.94,3.21,1.275,0.512,HIGH,0.1,0.0
61.98,3.208,1.275,0.516,HIGH,0.1,0.0
62.08,3.206,1.275,0.516,HIGH,0.1,0.0
62.19,3.204,1.275,0.516,HIGH,0.1,0.0
62.28,3.204,1.275,0.516,HIGH,0.1,0.0
62.39,3.202,1.275,0.516,HIGH,0.1,0.0
62.49,3.2,1.275,0.516,HIGH,0.1,0.0
62.67,3.198,1.275,0.516,HIGH,0.1,0.0
62.72,3.198,1.275,0.516,HIGH,0.1,0.0
62.82,3.198,1.275,0.516,HIGH,0.1,0.0
62.92,3.196,1.275,0.516,HIGH,0.1,0.0
62.99,3.194,1.275,0.516,HIGH,0.1,0.0
63.12,3.194,1.275,0.516,HIGH,0.1,0.0
63.22,3.192,1.275,0.516,HIGH,0.1,0.0
63.31,3.192,1.275,0.516,HIGH,0.1,0.0
63.38,3.19,1.268,0.511,HIGH,0.1,0.0
63.48,3.188,1.268,0.511,HIGH,0.1,0.0
63.58,3.186,1.268,0.511,HIGH,0.1,0.0
63.73,3.186,1.268,0.511,HIGH,0.1,0.0
63.8,3.182,1.268,0.511,HIGH,0.1,0.0
63.89,3.18,1.268,0.511,HIGH,0.1,0.0
64.0,3.18,1.268,0.511,HIGH,0.1,0.0
64.12,3.178,1.268,0.511,HIGH,0.1,0.0
64.2,3.176,1.268,0.511,HIGH,0.1,0.0
64.3,3.172,1.268,0.511,HIGH,0.1,0.0
64.4,3.17,1.268,0.511,HIGH,0.1,0.0
64.5,3.168,1.268,0.511,HIGH,0.1,0.0
64.63,3.166,1.249,0.582,HIGH,0.1,0.0
64.75,3.166,1.249,0.582,HIGH,0.1,0.0
64.81,3.164,1.249,0.582,HIGH,0.1,0.0
64.88,3.164,1.249,0.582,HIGH,0.1,0.0
65.03,3.16,1.249,0.582,HIGH,0.1,0.0
65.09,3.16,1.249,0.582,HIGH,0.1,0.0
65.18,3.158,1.249,0.582,HIGH,0.1,0.0
65.34,3.154,1.249,0.582,HIGH,0.1,0.0
65.41,3.152,1.249,0.582,HIGH,0.1,0.0
65.49,3.152,1.249,0.582,HIGH,0.1,0.0
65.59,3.148,1.218,0.576,HIGH,0.1,0.0
65.68,3.144,1.218,0.576,HIGH,0.1,0.0
65.82,3.142,1.218,0.576,HIGH,0.1,0.0
65.88,3.142,1.218,0.576,HIGH,0.1,0.0
65.99,3.14,1.218,0.576,HIGH,0.1,0.0
66.1,3.138,1.218,0.576,HIGH,0.1,0.0
66.19,3.136,1.218,0.576,HIGH,0.1,0.0
66.29,3.136,1.218,0.576,HIGH,0.1,0.0
66.4,3.134,1.218,0.576,HIGH,0.1,0.0
66.48,3.132,1.218,0.576,HIGH,0.1,0.0
66.6,3.128,1.218,0.576,HIGH,0.1,0.0
66.7,3.126,1.218,0.575,HIGH,0.1,0.0
66.82,3.126,1.218,0.575,HIGH,0.1,0.0
66.88,3.124,1.218,0.575,HIGH,0.1,0.0
66.98,3.122,1.218,0.575,HIGH,0.1,0.0
67.09,3.12,1.218,0.575,HIGH,0.1,0.0
67.19,3.118,1.218,0.575,HIGH,0.1,0.0
67.29,3.116,1.218,0.575,HIGH,0.1,0.0
67.39,3.116,1.218,0.575,HIGH,0.1,0.0
67.54,3.114,1.218,0.575,HIGH,0.1,0.0
67.59,3.112,1.218,0.575,HIGH,0.1,0.0
67.67,3.11,1.218,0.575,HIGH,0.1,0.0
67.78,3.11,1.183,0.583,HIGH,0.1,0.0
67.95,3.106,1.183,0.583,HIGH,0.1,0.0
67.99,3.104,1.183,0.583,HIGH,0.1,0.0
68.09,3.104,1.183,0.583,HIGH,0.1,0.0
68.19,3.102,1.183,0.583,HIGH,0.1,0.0
68.28,3.1,1.183,0.583,HIGH,0.1,0.0
68.41,3.098,1.183,0.583,HIGH,0.1,0.0
68.5,3.096,1.183,0.583,HIGH,0.1,0.0
68.6,3.096,1.183,0.583,HIGH,0.1,0.0
68.7,3.092,1.183,0.583,HIGH,0.1,0.0
68.77,3.09,1.183,0.583,HIGH,0.1,0.0
68.9,3.088,1.183,0.583,HIGH,0.1,0.0
68.98,3.088,1.179,0.634,HIGH,0.1,0.0
69.11,3.086,1.179,0.634,HIGH,0.1,0.0
69.18,3.084,1.179,0.634,HIGH,0.1,0.0
69.29,3.082,1.179,0.634,HIGH,0.1,0.0
69.41,3.08,1.179,0.634,HIGH,0.1,0.0
69.49,3.08,1.179,0.634,HIGH,0.1,0.0
69.58,3.076,1.179,0.634,HIGH,0.1,0.0
69.73,3.074,1.179,0.634,HIGH,0.1,0.0
69.8,3.074,1.179,0.634,HIGH,0.1,0.0
69.89,3.072,1.179,0.634,HIGH,0.1,0.0
69.99,3.07,1.179,0.634,HIGH,0.1,0.0
70.11,3.068,1.139,0.638,HIGH,0.1,0.0
70.19,3.068,1.139,0.638,HIGH,0.1,0.0
70.28,3.066,1.139,0.638,HIGH,0.1,0.0
70.42,3.064,1.139,0.638,HIGH,0.1,0.0
70.5,3.062,1.139,0.638,HIGH,0.1,0.0
70.58,3.06,1.139,0.638,HIGH,0.1,0.0
70.7,3.058,1.139,0.638,HIGH,0.1,0.0
70.77,3.056,1.139,0.638,HIGH,0.1,0.0
70.89,3.056,1.139,0.638,HIGH,0.1,0.0
70.98,3.054,1.139,0.638,HIGH,0.1,0.0
71.09,3.052,1.139,0.638,HIGH,0.1,0.0
71.22,3.05,1.139,0.638,HIGH,0.1,0.0
71.28,3.05,1.132,0.681,HIGH,0.1,0.0
71.38,3.046,1.132,0.681,HIGH,0.1,0.0
71.48,3.044,1.132,0.681,HIGH,0.1,0.0
71.61,3.042,1.132,0.681,HIGH,0.1,0.0
71.75,3.04,1.132,0.681,HIGH,0.1,0.0
71.79,3.04,1.132,0.681,HIGH,0.1,0.0
71.88,3.04,1.132,0.681,HIGH,0.1,0.0
71.98,3.038,1.132,0.681,HIGH,0.1,0.0
72.08,3.036,1.132,0.681,HIGH,0.1,0.0
72.2,3.034,1.132,0.681,HIGH,0.1,0.0
72.35,3.034,1.132,0.681,HIGH,0.1,0.0
72.38,3.032,1.132,0.681,HIGH,0.1,0.0
72.49,3.03,1.132,0.681,HIGH,0.1,0.0
72.58,3.03,1.127,0.735,HIGH,0.1,0.0
72.69,3.028,1.127,0.735,HIGH,0.1,0.0
72.79,3.026,1.127,0.735,HIGH,0.1,0.0
72.91,3.026,1.127,0.735,HIGH,0.1,0.0
72.98,3.024,1.127,0.735,HIGH,0.1,0.0
73.11,3.022,1.127,0.735,HIGH,0.1,0.0
73.23,3.022,1.127,0.735,HIGH,0.1,0.0
73.29,3.02,1.127,0.735,HIGH,0.1,0.0
73.4,3.018,1.127,0.735,HIGH,0.1,0.0
73.47,3.016,1.127,0.735,HIGH,0.1,0.0
73.6,3.016,1.127,0.735,HIGH,0.1,0.0
73.69,3.014,1.127,0.735,HIGH,0.1,0.0
73.77,3.012,1.127,0.735,HIGH,0.1,0.0
73.89,3.01,1.127,0.735,HIGH,0.1,0.0
73.99,3.01,1.127,0.735,HIGH,0.1,0.0
74.1,3.008,1.106,0.769,HIGH,0.1,0.0
74.19,3.006,1.106,0.769,HIGH,0.1,0.0
74.28,3.004,1.106,0.769,HIGH,0.1,0.0
74.43,3.002,1.106,0.769,HIGH,0.1,0.0
74.52,3.002,1.106,0.769,HIGH,0.1,0.0
74.6,3.0,1.106,0.769,HIGH,0.1,0.0
74.71,2.996,1.106,0.769,HIGH,0.1,0.0
74.94,2.994,1.106,0.769,HIGH,0.1,0.0
74.97,2.994,1.106,0.769,HIGH,0.1,0.0
74.99,2.994,1.106,0.769,HIGH,0.1,0.0
75.08,2.992,1.106,0.769,HIGH,0.1,0.0
75.22,2.99,1.106,0.769,HIGH,0.1,0.0
75.32,2.988,1.083,0.8,HIGH,0.1,0.0
75.42,2.988,1.083,0.8,HIGH,0.1,0.0
75.47,2.986,1.083,0.8,HIGH,0.1,0.0
75.59,2.984,1.083,0.8,HIGH,0.1,0.0
75.72,2.982,1.083,0.8,HIGH,0.1,0.0
75.78,2.98,1.083,0.8,HIGH,0.1,0.0
75.89,2.978,1.083,0.8,HIGH,0.1,0.0
75.99,2.976,1.083,0.8,HIGH,0.1,0.0
76.1,2.976,1.083,0.8,HIGH,0.1,0.0
76.19,2.974,1.083,0.8,HIGH,0.1,0.0
76.29,2.972,1.083,0.8,HIGH,0.1,0.0
76.39,2.97,1.083,0.8,HIGH,0.1,0.0
76.47,2.97,1.071,0.8,HIGH,0.1,0.0
76.61,2.968,1.071,0.836,HIGH,0.1,0.0
76.7,2.968,1.071,0.836,HIGH,0.1,0.0
76.79,2.966,1.071,0.836,HIGH,0.1,0.0
76.92,2.964,1.071,0.836,HIGH,0.1,0.0
77.0,2.962,1.071,0.836,HIGH,0.1,0.0
77.09,2.96,1.071,0.836,HIGH,0.1,0.0
77.19,2.958,1.071,0.836,HIGH,0.1,0.0
77.33,2.956,1.071,0.836,HIGH,0.1,0.0
77.39,2.954,1.071,0.836,HIGH,0.1,0.0
77.47,2.954,1.071,0.836,HIGH,0.1,0.0
77.6,2.952,1.071,0.836,HIGH,0.1,0.0
77.7,2.948,1.045,0.857,HIGH,0.1,0.0
77.8,2.946,1.045,0.857,HIGH,0.1,0.0
77.88,2.944,1.045,0.857,HIGH,0.1,0.0
77.98,2.94,1.045,0.857,HIGH,0.1,0.0
78.1,2.938,1.045,0.857,HIGH,0.1,0.0
78.19,2.936,1.045,0.857,HIGH,0.1,0.0
78.29,2.936,1.045,0.857,HIGH,0.1,0.0
78.39,2.934,1.045,0.857,HIGH,0.1,0.0
78.55,2.932,1.045,0.857,HIGH,0.1,0.0
78.6,2.932,1.045,0.857,HIGH,0.1,0.0
78.7,2.93,1.045,0.857,HIGH,0.1,0.0
78.78,2.93,1.025,0.901,HIGH,0.1,0.0
78.88,2.928,1.025,0.901,HIGH,0.1,0.0
79.0,2.926,1.025,0.901,HIGH,0.1,0.0
79.09,2.924,1.025,0.901,HIGH,0.1,0.0
79.18,2.922,1.025,0.901,HIGH,0.1,0.0
79.28,2.92,1.025,0.901,HIGH,0.1,0.0
79.38,2.918,1.025,0.901,HIGH,0.1,0.0
79.52,2.918,1.025,0.901,HIGH,0.1,0.0
79.59,2.916,1.025,0.901,HIGH,0.1,0.0
79.73,2.912,1.025,0.901,HIGH,0.1,0.0
79.78,2.912,1.025,0.901,HIGH,0.1,0.0
79.89,2.91,1.025,0.901,HIGH,0.1,0.0
80.0,2.908,1.021,0.901,HIGH,0.1,0.0
80.09,2.906,1.021,0.912,HIGH,0.1,0.0
80.21,2.906,1.021,0.912,HIGH,0.1,0.0
80.3,2.904,1.021,0.912,HIGH,0.1,0.0
80.38,2.902,1.021,0.912,HIGH,0.1,0.0
80.51,2.898,1.021,0.912,HIGH,0.1,0.0
80.59,2.896,1.021,0.912,HIGH,0.1,0.0
80.73,2.896,1.021,0.912,HIGH,0.1,0.0
80.78,2.894,1.021,0.912,HIGH,0.1,0.0
80.9,2.892,1.021,0.912,HIGH,0.1,0.0
81.0,2.89,1.021,0.912,HIGH,0.1,0.0
81.08,2.888,1.011,0.934,HIGH,0.1,0.0
81.23,2.888,1.011,0.934,HIGH,0.1,0.0
81.29,2.886,1.011,0.934,HIGH,0.1,0.0
81.42,2.884,1.011,0.934,HIGH,0.1,0.0
81.48,2.882,1.011,0.934,HIGH,0.1,0.0
81.6,2.882,1.011,0.934,HIGH,0.1,0.0
81.69,2.878,1.011,0.934,HIGH,0.1,0.0
81.83,2.876,1.011,0.934,HIGH,0.1,0.0
81.88,2.876,1.011,0.934,HIGH,0.1,0.0
82.03,2.874,1.011,0.934,HIGH,0.1,0.0
82.09,2.872,1.011,0.934,HIGH,0.1,0.0
82.18,2.87,1.011,0.934,HIGH,0.1,0.0
82.31,2.87,0.969,0.979,HIGH,0.1,0.0
82.41,2.868,0.969,0.979,HIGH,0.1,0.0
82.47,2.868,0.969,0.979,HIGH,0.1,0.0
82.6,2.866,0.969,0.979,HIGH,0.1,0.0
82.82,2.864,0.969,0.979,HIGH,0.1,0.0
82.84,2.862,0.969,0.979,HIGH,0.1,0.0
82.91,2.862,0.969,0.979,HIGH,0.1,0.0
83.02,2.86,0.969,0.979,HIGH,0.1,0.0
83.17,2.858,0.969,0.979,HIGH,0.1,0.0
83.18,2.858,0.969,0.979,HIGH,0.1,0.0
83.34,2.856,0.969,0.979,HIGH,0.1,0.0
83.39,2.854,0.969,0.979,HIGH,0.1,0.0
83.49,2.852,0.969,0.979,HIGH,0.1,0.0
83.58,2.848,0.956,0.987,HIGH,0.1,0.0
83.69,2.848,0.956,0.987,HIGH,0.1,0.0
83.84,2.846,0.956,0.987,HIGH,0.1,0.0
83.93,2.846,0.956,0.987,HIGH,0.1,0.0
84.01,2.846,0.956,0.987,HIGH,0.1,0.0
84.08,2.844,0.956,0.987,HIGH,0.1,0.0
84.25,2.842,0.956,0.987,HIGH,0.1,0.0
84.3,2.842,0.956,0.987,HIGH,0.1,0.0
84.41,2.84,0.956,0.987,HIGH,0.1,0.0
84.53,2.84,0.956,0.987,HIGH,0.1,0.0
84.57,2.838,0.956,0.987,HIGH,0.1,0.0
84.82,2.838,0.956,0.987,HIGH,0.1,0.0
84.87,2.838,0.956,0.987,HIGH,0.1,0.0
85.09,2.836,0.956,0.987,HIGH,0.1,0.0
85.21,2.836,0.956,0.987,HIGH,0.1,0.0
85.26,2.834,0.956,0.987,HIGH,0.1,0.0
85.3,2.834,0.956,0.987,HIGH,0.1,0.0
85.47,2.832,0.956,0.987,HIGH,0.1,0.0
85.54,2.832,0.956,0.987,HIGH,0.1,0.0
85.58,2.83,0.956,0.987,HIGH,0.1,0.0
85.72,2.83,0.956,0.987,HIGH,0.1,0.0
85.84,2.828,0.956,0.987,HIGH,0.1,0.0
85.95,2.828,0.968,0.993,HIGH,0.1,0.0
86.0,2.826,0.968,0.993,HIGH,0.1,0.0
86.18,2.826,0.968,0.993,HIGH,0.1,0.0
86.26,2.826,0.968,0.993,HIGH,0.1,0.0
86.35,2.826,0.968,0.993,HIGH,0.1,0.0
86.42,2.824,0.968,0.993,HIGH,0.1,0.0
86.52,2.824,0.968,0.993,HIGH,0.1,0.0
86.67,2.822,0.968,0.993,HIGH,0.1,0.0
86.76,2.822,0.968,0.993,HIGH,0.1,0.0
86.81,2.822,0.968,0.993,HIGH,0.1,0.0
86.9,2.82,0.968,0.993,HIGH,0.1,0.0
86.99,2.82,0.968,0.993,HIGH,0.1,0.0
87.12,2.818,0.968,0.993,HIGH,0.1,0.0
87.2,2.818,0.968,0.993,HIGH,0.1,0.0
87.31,2.816,0.968,0.993,HIGH,0.1,0.0
87.42,2.816,0.968,0.993,HIGH,0.1,0.0
87.49,2.816,0.968,0.993,HIGH,0.1,0.0
87.58,2.816,0.968,0.993,HIGH,0.1,0.0
87.69,2.814,0.968,0.993,HIGH,0.1,0.0
87.8,2.814,0.968,0.993,HIGH,0.1,0.0
87.98,2.812,0.968,0.993,HIGH,0.1,0.0
88.07,2.812,0.968,0.993,HIGH,0.1,0.0
88.11,2.812,0.968,0.993,HIGH,0.1,0.0
88.17,2.812,0.968,0.993,HIGH,0.1,0.0
88.34,2.812,0.968,0.993,HIGH,0.1,0.0
88.43,2.81,0.945,0.993,HIGH,0.1,0.0
88.52,2.81,0.945,0.99,HIGH,0.1,0.0
88.65,2.81,0.945,0.99,HIGH,0.1,0.0
88.71,2.81,0.945,0.99,HIGH,0.1,0.0
88.85,2.808,0.945,0.99,HIGH,0.1,0.0
88.93,2.808,0.945,0.99,HIGH,0.1,0.0
89.01,2.808,0.945,0.99,HIGH,0.1,0.0
89.12,2.806,0.945,0.99,HIGH,0.1,0.0
89.2,2.804,0.945,0.99,HIGH,0.1,0.0
89.34,2.804,0.945,0.99,HIGH,0.1,0.0
89.43,2.802,0.945,0.99,HIGH,0.1,0.0
89.48,2.802,0.945,0.99,HIGH,0.1,0.0
89.6,2.802,0.945,0.99,HIGH,0.1,0.0
89.74,2.8,0.945,0.99,HIGH,0.1,0.0
89.82,2.8,0.945,0.99,HIGH,0.1,0.0
89.97,2.798,0.945,0.99,HIGH,0.1,0.0
90.09,2.798,0.945,0.99,HIGH,0.1,0.0
90.16,2.798,0.945,0.99,HIGH,0.1,0.0
90.22,2.796,0.945,0.99,HIGH,0.1,0.0
90.28,2.796,0.945,0.99,HIGH,0.1,0.0
90.41,2.796,0.945,0.99,HIGH,0.1,0.0
90.56,2.794,0.945,0.99,HIGH,0.1,0.0
90.59,2.794,0.945,0.99,HIGH,0.1,0.0
90.75,2.794,0.945,0.99,HIGH,0.1,0.0
90.79,2.794,0.945,0.99,HIGH,0.1,0.0
90.97,2.792,0.945,0.99,HIGH,0.1,0.0
91.05,2.792,0.945,0.99,HIGH,0.1,0.0
91.11,2.792,0.945,0.99,HIGH,0.1,0.0
91.23,2.792,0.945,0.99,HIGH,0.1,0.0
91.35,2.79,0.945,0.99,HIGH,0.1,0.0
91.41,2.79,0.945,0.99,HIGH,0.1,0.0
91.48,2.788,0.945,0.99,HIGH,0.1,0.0
91.67,2.788,0.945,0.99,HIGH,0.1,0.0
91.72,2.788,0.945,0.99,HIGH,0.1,0.0
91.87,2.786,0.935,0.99,HIGH,0.1,0.0
91.89,2.786,0.935,0.99,HIGH,0.1,0.0
92.1,2.784,0.935,0.978,HIGH,0.1,0.0
92.11,2.784,0.935,0.978,HIGH,0.1,0.0
92.23,2.784,0.935,0.978,HIGH,0.1,0.0
92.3,2.782,0.935,0.978,HIGH,0.1,0.0
92.41,2.782,0.935,0.978,HIGH,0.1,0.0
92.51,2.78,0.935,0.978,HIGH,0.1,0.0
92.65,2.78,0.935,0.978,HIGH,0.1,0.0
92.71,2.778,0.935,0.978,HIGH,0.1,0.0
92.79,2.778,0.935,0.978,HIGH,0.1,0.0
92.96,2.776,0.935,0.978,HIGH,0.1,0.0
92.97,2.776,0.935,0.978,HIGH,0.1,0.0
93.25,2.772,0.935,0.978,HIGH,0.1,0.0
93.26,2.772,0.935,0.978,HIGH,0.1,0.0
93.3,2.77,0.935,0.978,HIGH,0.1,0.0
93.39,2.768,0.935,0.978,HIGH,0.1,0.0
93.59,2.768,0.935,0.978,HIGH,0.1,0.0
93.74,2.768,0.935,0.978,HIGH,0.1,0.0
93.88,2.766,0.913,0.98,HIGH,0.1,0.0
94.01,2.766,0.913,0.98,HIGH,0.1,0.0
94.14,2.764,0.913,0.98,HIGH,0.1,0.0
94.19,2.764,0.913,0.98,HIGH,0.1,0.0
94.3,2.762,0.913,0.98,HIGH,0.1,0.0
94.32,2.762,0.913,0.98,HIGH,0.1,0.0
94.46,2.762,0.913,0.98,HIGH,0.1,0.0
94.5,2.762,0.913,0.98,HIGH,0.1,0.0
94.58,2.762,0.913,0.98,HIGH,0.1,0.0
94.69,2.76,0.913,0.98,HIGH,0.1,0.0
94.78,2.76,0.913,0.98,HIGH,0.1,0.0
94.87,2.758,0.913,0.98,HIGH,0.1,0.0
95.01,2.758,0.913,0.98,HIGH,0.1,0.0
95.24,2.758,0.913,0.98,HIGH,0.1,0.0
95.28,2.758,0.913,0.98,HIGH,0.1,0.0
95.32,2.758,0.913,0.98,HIGH,0.1,0.0
95.38,2.756,0.913,0.98,HIGH,0.1,0.0
95.48,2.754,0.913,0.98,HIGH,0.1,0.0
95.59,2.754,0.913,0.98,HIGH,0.1,0.0
95.7,2.752,0.913,0.98,HIGH,0.1,0.0
95.82,2.752,0.913,0.98,HIGH,0.1,0.0
95.96,2.75,0.898,0.973,HIGH,0.1,0.0
95.98,2.75,0.898,0.973,HIGH,0.1,0.0
96.1,2.75,0.898,0.973,HIGH,0.1,0.0
96.29,2.748,0.898,0.973,HIGH,0.1,0.0
96.32,2.748,0.898,0.973,HIGH,0.1,0.0
96.4,2.746,0.898,0.973,HIGH,0.1,0.0
96.63,2.746,0.898,0.973,HIGH,0.1,0.0
96.86,2.746,0.898,0.973,HIGH,0.1,0.0
96.94,2.744,0.898,0.973,HIGH,0.1,0.0
97.0,2.744,0.898,0.973,HIGH,0.1,0.0
97.11,2.742,0.898,0.973,HIGH,0.1,0.0
97.24,2.74,0.898,0.973,HIGH,0.1,0.0
97.32,2.74,0.898,0.973,HIGH,0.1,0.0
97.46,2.738,0.898,0.973,HIGH,0.1,0.0
97.58,2.738,0.898,0.973,HIGH,0.1,0.0
97.64,2.738,0.898,0.973,HIGH,0.1,0.0
97.72,2.736,0.898,0.973,HIGH,0.1,0.0
97.83,2.736,0.898,0.973,HIGH,0.1,0.0
97.93,2.734,0.898,0.973,HIGH,0.1,0.0
98.08,2.734,0.898,0.973,HIGH,0.1,0.0
98.17,2.734,0.898,0.973,HIGH,0.1,0.0
98.21,2.734,0.898,0.973,HIGH,0.1,0.0
98.36,2.732,0.898,0.973,HIGH,0.1,0.0
98.43,2.732,0.898,0.973,HIGH,0.1,0.0
98.52,2.732,0.898,0.973,HIGH,0.1,0.0
98.65,2.73,0.898,0.973,HIGH,0.1,0.0
98.77,2.73,0.894,0.947,HIGH,0.1,0.0
98.78,2.73,0.894,0.947,HIGH,0.1,0.0
98.91,2.728,0.894,0.947,HIGH,0.1,0.0
99.01,2.726,0.894,0.947,HIGH,0.1,0.0
99.13,2.726,0.894,0.947,HIGH,0.1,0.0
99.24,2.726,0.894,0.947,HIGH,0.1,0.0
99.3,2.726,0.894,0.947,HIGH,0.1,0.0
99.41,2.726,0.894,0.947,HIGH,0.1,0.0
99.55,2.724,0.894,0.947,HIGH,0.1,0.0
99.66,2.724,0.894,0.947,HIGH,0.1,0.0
99.73,2.724,0.894,0.947,HIGH,0.1,0.0
99.8,2.722,0.894,0.947,HIGH,0.1,0.0
99.92,2.722,0.894,0.947,HIGH,0.1,0.0
100.02,2.722,0.894,0.947,HIGH,0.1,0.0
100.11,2.722,0.894,0.947,HIGH,0.1,0.0
100.27,2.72,0.894,0.947,HIGH,0.1,0.0
100.35,2.72,0.894,0.947,HIGH,0.1,0.0
100.4,2.718,0.894,0.947,HIGH,0.1,0.0
100.53,2.718,0.894,0.947,HIGH,0.1,0.0
100.66,2.718,0.894,0.947,HIGH,0.1,0.0
100.68,2.716,0.894,0.947,HIGH,0.1,0.0
100.78,2.716,0.894,0.947,HIGH,0.1,0.0
100.88,2.716,0.894,0.947,HIGH,0.1,0.0
100.99,2.714,0.894,0.947,HIGH,0.1,0.0
101.12,2.714,0.894,0.947,HIGH,0.1,0.0
101.21,2.714,0.894,0.947,HIGH,0.1,0.0
101.31,2.714,0.894,0.947,HIGH,0.1,0.0
101.41,2.712,0.894,0.947,HIGH,0.1,0.0
101.51,2.712,0.894,0.947,HIGH,0.1,0.0
101.62,2.71,0.894,0.947,HIGH,0.1,0.0
101.74,2.71,0.89,0.949,HIGH,0.1,0.0
101.83,2.708,0.89,0.949,HIGH,0.1,0.0
101.91,2.706,0.89,0.949,HIGH,0.1,0.0
102.01,2.704,0.89,0.949,HIGH,0.1,0.0
102.13,2.704,0.89,0.949,HIGH,0.1,0.0
102.28,2.702,0.89,0.949,HIGH,0.1,0.0
102.33,2.702,0.89,0.949,HIGH,0.1,0.0
102.39,2.7,0.89,0.949,HIGH,0.1,0.0
102.54,2.7,0.89,0.949,HIGH,0.1,0.0
102.67,2.698,0.89,0.949,HIGH,0.1,0.0
102.74,2.698,0.89,0.949,HIGH,0.1,0.0
102.81,2.696,0.89,0.949,HIGH,0.1,0.0
102.93,2.696,0.89,0.949,HIGH,0.1,0.0
102.97,2.694,0.89,0.949,HIGH,0.1,0.0
103.09,2.694,0.89,0.949,HIGH,0.1,0.0
103.19,2.692,0.89,0.949,HIGH,0.1,0.0
103.27,2.692,0.89,0.949,HIGH,0.1,0.0
103.4,2.692,0.89,0.949,HIGH,0.1,0.0
103.52,2.692,0.89,0.949,HIGH,0.1,0.0
103.66,2.692,0.89,0.949,HIGH,0.1,0.0
103.72,2.692,0.89,0.949,HIGH,0.1,0.0
103.83,2.69,0.89,0.949,HIGH,0.1,0.0
103.92,2.69,0.872,0.919,HIGH,0.1,0.0
103.99,2.688,0.872,0.919,HIGH,0.1,0.0
104.11,2.688,0.872,0.919,HIGH,0.1,0.0
104.21,2.686,0.872,0.919,HIGH,0.1,0.0
104.31,2.686,0.872,0.919,HIGH,0.1,0.0
104.42,2.686,0.872,0.919,HIGH,0.1,0.0
104.5,2.686,0.872,0.919,HIGH,0.1,0.0
104.63,2.684,0.872,0.919,HIGH,0.1,0.0
104.7,2.684,0.872,0.919,HIGH,0.1,0.0
104.85,2.682,0.872,0.919,HIGH,0.1,0.0
104.92,2.682,0.872,0.919,HIGH,0.1,0.0
105.03,2.682,0.872,0.919,HIGH,0.1,0.0
105.14,2.682,0.872,0.919,HIGH,0.1,0.0
105.19,2.68,0.872,0.919,HIGH,0.1,0.0
105.33,2.68,0.872,0.919,HIGH,0.1,0.0
105.39,2.68,0.872,0.919,HIGH,0.1,0.0
105.51,2.678,0.872,0.919,HIGH,0.1,0.0
105.58,2.678,0.872,0.919,HIGH,0.1,0.0
105.68,2.678,0.872,0.919,HIGH,0.1,0.0
105.82,2.676,0.872,0.919,HIGH,0.1,0.0
105.94,2.676,0.872,0.919,HIGH,0.1,0.0
106.06,2.674,0.872,0.919,HIGH,0.1,0.0
106.12,2.674,0.872,0.919,HIGH,0.1,0.0
106.22,2.674,0.872,0.919,HIGH,0.1,0.0
106.33,2.672,0.872,0.919,HIGH,0.1,0.0
106.5,2.672,0.872,0.919,HIGH,0.1,0.0
106.64,2.672,0.872,0.919,HIGH,0.1,0.0
106.71,2.672,0.872,0.919,HIGH,0.1,0.0
106.91,2.67,0.872,0.919,HIGH,0.1,0.0
107.06,2.67,0.872,0.919,HIGH,0.1,0.0
107.24,2.67,0.858,0.919,HIGH,0.1,0.0
107.27,2.668,0.858,0.919,HIGH,0.1,0.0
107.32,2.668,0.858,0.919,HIGH,0.1,0.0
107.4,2.666,0.858,0.919,HIGH,0.1,0.0
107.51,2.666,0.858,0.919,HIGH,0.1,0.0
107.65,2.666,0.858,0.919,HIGH,0.1,0.0
107.77,2.664,0.858,0.919,HIGH,0.1,0.0
107.84,2.664,0.858,0.919,HIGH,0.1,0.0
107.93,2.664,0.858,0.919,HIGH,0.1,0.0
108.0,2.664,0.858,0.919,HIGH,0.1,0.0
108.09,2.664,0.858,0.919,HIGH,0.1,0.0
108.19,2.662,0.858,0.919,HIGH,0.1,0.0
108.29,2.66,0.858,0.919,HIGH,0.1,0.0
108.39,2.66,0.858,0.919,HIGH,0.1,0.0
108.56,2.66,0.858,0.919,HIGH,0.1,0.0
108.58,2.658,0.858,0.919,HIGH,0.1,0.0
108.73,2.658,0.858,0.919,HIGH,0.1,0.0
108.8,2.658,0.858,0.919,HIGH,0.1,0.0
108.92,2.656,0.858,0.919,HIGH,0.1,0.0
109.0,2.656,0.858,0.919,HIGH,0.1,0.0
109.11,2.654,0.858,0.919,HIGH,0.1,0.0
109.19,2.654,0.858,0.919,HIGH,0.1,0.0
109.3,2.654,0.858,0.919,HIGH,0.1,0.0
109.38,2.652,0.858,0.919,HIGH,0.1,0.0
109.48,2.652,0.858,0.919,HIGH,0.1,0.0
109.63,2.648,0.854,0.895,HIGH,0.1,0.0
109.7,2.646,0.854,0.895,HIGH,0.1,0.0
109.79,2.646,0.854,0.895,HIGH,0.1,0.0
109.89,2.644,0.854,0.895,HIGH,0.1,0.0
109.98,2.642,0.854,0.895,HIGH,0.1,0.0
110.12,2.642,0.854,0.895,HIGH,0.1,0.0
110.22,2.64,0.854,0.895,HIGH,0.1,0.0
110.27,2.64,0.854,0.895,HIGH,0.1,0.0
110.42,2.638,0.854,0.895,HIGH,0.1,0.0
110.51,2.636,0.854,0.895,HIGH,0.1,0.0
110.62,2.634,0.854,0.895,HIGH,0.1,0.0
110.7,2.634,0.854,0.895,HIGH,0.1,0.0
110.81,2.632,0.854,0.895,HIGH,0.1,0.0
110.95,2.632,0.854,0.895,HIGH,0.1,0.0
111.01,2.632,0.854,0.895,HIGH,0.1,0.0
111.15,2.63,0.854,0.895,HIGH,0.1,0.0
111.2,2.628,0.862,0.88,HIGH,0.1,0.0
111.32,2.628,0.862,0.88,HIGH,0.1,0.0
111.39,2.628,0.862,0.88,HIGH,0.1,0.0
111.5,2.626,0.862,0.88,HIGH,0.1,0.0
111.62,2.626,0.862,0.88,HIGH,0.1,0.0
111.74,2.624,0.862,0.88,HIGH,0.1,0.0
111.79,2.624,0.862,0.88,HIGH,0.1,0.0
111.9,2.622,0.862,0.88,HIGH,0.1,0.0
112.0,2.622,0.862,0.88,HIGH,0.1,0.0
112.14,2.62,0.862,0.88,HIGH,0.1,0.0
112.24,2.62,0.862,0.88,HIGH,0.1,0.0
112.31,2.62,0.862,0.88,HIGH,0.1,0.0
112.43,2.618,0.862,0.88,HIGH,0.1,0.0
112.48,2.616,0.862,0.88,HIGH,0.1,0.0
112.6,2.614,0.862,0.88,HIGH,0.1,0.0
112.7,2.612,0.862,0.88,HIGH,0.1,0.0
112.81,2.61,0.862,0.88,HIGH,0.1,0.0
112.89,2.608,0.862,0.88,HIGH,0.1,0.0
113.0,2.606,0.874,0.855,HIGH,0.1,0.0
113.16,2.606,0.874,0.855,HIGH,0.1,0.0
113.22,2.606,0.874,0.855,HIGH,0.1,0.0
113.3,2.604,0.874,0.855,HIGH,0.1,0.0
113.39,2.602,0.874,0.855,HIGH,0.1,0.0
113.49,2.6,0.874,0.855,HIGH,0.1,0.0
113.59,2.598,0.874,0.855,HIGH,0.1,0.0
113.69,2.596,0.874,0.855,HIGH,0.1,0.0
113.82,2.596,0.874,0.855,HIGH,0.1,0.0
113.94,2.594,0.874,0.855,HIGH,0.1,0.0
113.98,2.592,0.874,0.855,HIGH,0.1,0.0
114.12,2.59,0.874,0.855,HIGH,0.1,0.0
114.19,2.59,0.874,0.855,HIGH,0.1,0.0
114.35,2.588,1.746,0.832,HIGH,0.1,0.0
114.44,2.588,1.746,0.832,HIGH,0.1,0.0
114.48,2.588,1.746,0.832,HIGH,0.1,0.0
114.58,2.586,1.746,0.832,HIGH,0.1,0.0
114.68,2.584,1.746,0.832,HIGH,0.1,0.0
114.8,2.58,1.746,0.832,HIGH,0.1,0.0
114.89,2.58,1.746,0.832,HIGH,0.1,0.0
114.97,2.58,1.746,0.832,HIGH,0.1,0.0
115.11,2.578,1.746,0.832,HIGH,0.1,0.0
115.2,2.576,1.746,0.832,HIGH,0.1,0.0
115.28,2.574,1.746,0.832,HIGH,0.1,0.0
115.45,2.574,1.746,0.832,HIGH,0.1,0.0
115.51,2.572,1.746,0.832,HIGH,0.1,0.0
115.6,2.572,1.746,0.832,HIGH,0.1,0.0
115.73,2.57,1.746,0.832,HIGH,0.1,0.0
115.8,2.568,1.719,0.81,HIGH,0.1,0.0
115.9,2.566,1.719,0.81,HIGH,0.1,0.0
115.99,2.566,1.719,0.81,HIGH,0.1,0.0
116.11,2.565,1.719,0.81,HIGH,0.1,0.0
116.19,2.565,1.719,0.81,HIGH,0.1,0.0
116.27,2.563,1.719,0.81,HIGH,0.1,0.0
116.39,2.561,1.719,0.81,HIGH,0.1,0.0
116.48,2.559,1.719,0.81,HIGH,0.1,0.0
116.58,2.559,1.719,0.81,HIGH,0.1,0.0
116.76,2.557,1.719,0.81,HIGH,0.1,0.0
116.81,2.557,1.719,0.81,HIGH,0.1,0.0
116.9,2.555,1.719,0.81,HIGH,0.1,0.0
116.99,2.553,1.719,0.81,HIGH,0.1,0.0
117.12,2.553,1.719,0.81,HIGH,0.1,0.0
117.24,2.551,1.719,0.81,HIGH,0.1,0.0
117.31,2.551,1.706,0.807,HIGH,0.1,0.0
117.46,2.549,1.706,0.807,HIGH,0.1,0.0
117.51,2.549,1.706,0.807,HIGH,0.1,0.0
117.63,2.549,1.706,0.807,HIGH,0.1,0.0
117.69,2.549,1.706,0.807,HIGH,0.1,0.0
117.78,2.547,1.706,0.807,HIGH,0.1,0.0
117.95,2.543,1.706,0.807,HIGH,0.1,0.0
117.98,2.543,1.706,0.807,HIGH,0.1,0.0
118.12,2.543,1.706,0.807,HIGH,0.1,0.0
118.23,2.541,1.706,0.807,HIGH,0.1,0.0
118.29,2.541,1.706,0.807,HIGH,0.1,0.0
118.41,2.539,1.706,0.807,HIGH,0.1,0.0
118.48,2.537,1.706,0.807,HIGH,0.1,0.0
118.6,2.537,1.706,0.807,HIGH,0.1,0.0
118.72,2.535,1.706,0.807,HIGH,0.1,0.0
118.81,2.533,1.706,0.807,HIGH,0.1,0.0
118.93,2.533,1.706,0.807,HIGH,0.1,0.0
119.0,2.531,1.706,0.807,HIGH,0.1,0.0
119.15,2.529,1.703,0.801,HIGH,0.1,0.0
119.19,2.529,1.703,0.801,HIGH,0.1,0.0
119.33,2.527,1.703,0.801,HIGH,0.1,0.0
119.39,2.525,1.703,0.801,HIGH,0.1,0.0
119.51,2.525,1.703,0.801,HIGH,0.1,0.0
119.59,2.523,1.703,0.801,HIGH,0.1,0.0
119.68,2.521,1.703,0.801,HIGH,0.1,0.0
119.77,2.519,1.703,0.801,HIGH,0.1,0.0
119.91,2.519,1.703,0.801,HIGH,0.1,0.0
120.0,2.517,1.703,0.801,HIGH,0.1,0.0
120.08,2.515,1.703,0.801,HIGH,0.1,0.0
120.26,2.513,1.703,0.801,HIGH,0.1,0.0
120.34,2.513,1.703,0.801,HIGH,0.1,0.0
120.39,2.513,1.703,0.801,HIGH,0.1,0.0
120.5,2.511,1.703,0.801,HIGH,0.1,0.0
120.58,2.509,1.703,0.801,HIGH,0.1,0.0
120.72,2.509,1.671,0.776,HIGH,0.1,0.0
120.84,2.507,1.671,0.776,HIGH,0.1,0.0
120.9,2.507,1.671,0.776,HIGH,0.1,0.0
121.0,2.505,1.671,0.776,HIGH,0.1,0.0
121.13,2.505,1.671,0.776,HIGH,0.1,0.0
121.19,2.503,1.671,0.776,HIGH,0.1,0.0
121.3,2.501,1.671,0.776,HIGH,0.1,0.0
121.39,2.501,1.671,0.776,HIGH,0.1,0.0
121.48,2.499,1.671,0.776,HIGH,0.1,0.0
121.65,2.497,1.671,0.776,HIGH,0.1,0.0
121.68,2.497,1.671,0.776,HIGH,0.1,0.0
121.82,2.497,1.671,0.776,HIGH,0.1,0.0
121.95,2.495,1.671,0.776,HIGH,0.1,0.0
121.99,2.495,1.671,0.776,HIGH,0.1,0.0
122.08,2.493,1.671,0.776,HIGH,0.1,0.0
122.21,2.491,1.658,0.75,HIGH,0.1,0.0
122.31,2.491,1.658,0.75,HIGH,0.1,0.0
122.37,2.489,1.658,0.75,HIGH,0.1,0.0
122.54,2.489,1.658,0.75,HIGH,0.1,0.0
122.58,2.487,1.658,0.75,HIGH,0.1,0.0
122.75,2.487,1.658,0.75,HIGH,0.1,0.0
122.78,2.487,1.658,0.75,HIGH,0.1,0.0
122.9,2.485,1.658,0.75,HIGH,0.1,0.0
122.99,2.485,1.658,0.75,HIGH,0.1,0.0
123.15,2.485,1.658,0.75,HIGH,0.1,0.0
123.22,2.483,1.658,0.75,HIGH,0.1,0.0
123.35,2.483,1.658,0.75,HIGH,0.1,0.0
123.44,2.483,1.658,0.75,HIGH,0.1,0.0
123.54,2.483,1.658,0.75,HIGH,0.1,0.0
123.58,2.481,1.658,0.75,HIGH,0.1,0.0
123.7,2.479,1.658,0.75,HIGH,0.1,0.0
123.83,2.477,1.658,0.75,HIGH,0.1,0.0
123.88,2.477,1.658,0.75,HIGH,0.1,0.0
124.06,2.475,1.658,0.75,HIGH,0.1,0.0
124.07,2.475,1.658,0.75,HIGH,0.1,0.0
124.21,2.473,1.658,0.75,HIGH,0.1,0.0
124.29,2.471,1.658,0.75,HIGH,0.1,0.0
124.41,2.471,1.658,0.75,HIGH,0.1,0.0
124.49,2.471,1.617,0.739,HIGH,0.1,0.0
124.6,2.467,1.617,0.739,HIGH,0.1,0.0
124.72,2.467,1.617,0.739,HIGH,0.1,0.0
124.81,2.465,1.617,0.739,HIGH,0.1,0.0
124.92,2.463,1.617,0.739,HIGH,0.1,0.0
125.04,2.461,1.617,0.739,HIGH,0.1,0.0
125.13,2.461,1.617,0.739,HIGH,0.1,0.0
125.31,2.459,1.617,0.739,HIGH,0.1,0.0
125.32,2.459,1.617,0.739,HIGH,0.1,0.0
125.38,2.459,1.617,0.739,HIGH,0.1,0.0
125.53,2.459,1.617,0.739,HIGH,0.1,0.0
125.61,2.457,1.617,0.739,HIGH,0.1,0.0
125.69,2.457,1.617,0.739,HIGH,0.1,0.0
125.9,2.457,1.617,0.739,HIGH,0.1,0.0
125.94,2.457,1.617,0.739,HIGH,0.1,0.0
126.0,2.455,1.617,0.739,HIGH,0.1,0.0
126.13,2.455,1.617,0.739,HIGH,0.1,0.0
126.18,2.453,1.617,0.739,HIGH,0.1,0.0
126.31,2.453,1.617,0.739,HIGH,0.1,0.0
126.4,2.451,1.616,0.739,HIGH,0.1,0.0
126.64,2.451,1.616,0.716,HIGH,0.1,0.0
126.69,2.449,1.616,0.716,HIGH,0.1,0.0
126.81,2.449,1.616,0.716,HIGH,0.1,0.0
126.92,2.449,1.616,0.716,HIGH,0.1,0.0
126.99,2.447,1.616,0.716,HIGH,0.1,0.0
127.09,2.445,1.616,0.716,HIGH,0.1,0.0
127.17,2.445,1.616,0.716,HIGH,0.1,0.0
127.36,2.445,1.616,0.716,HIGH,0.1,0.0
127.42,2.445,1.616,0.716,HIGH,0.1,0.0
127.52,2.443,1.616,0.716,HIGH,0.1,0.0
127.68,2.441,1.616,0.716,HIGH,0.1,0.0
127.78,2.441,1.616,0.716,HIGH,0.1,0.0
127.82,2.441,1.616,0.716,HIGH,0.1,0.0
127.92,2.441,1.616,0.716,HIGH,0.1,0.0
128.01,2.441,1.616,0.716,HIGH,0.1,0.0
128.19,2.441,1.616,0.716,HIGH,0.1,0.0
128.25,2.441,1.616,0.716,HIGH,0.1,0.0
128.35,2.439,1.616,0.716,HIGH,0.1,0.0
128.43,2.439,1.616,0.716,HIGH,0.1,0.0
128.52,2.439,1.616,0.716,HIGH,0.1,0.0
128.62,2.437,1.616,0.716,HIGH,0.1,0.0
128.85,2.437,1.616,0.716,HIGH,0.1,0.0
128.87,2.437,1.616,0.716,HIGH,0.1,0.0
128.93,2.435,1.616,0.716,HIGH,0.1,0.0
129.06,2.435,1.616,0.716,HIGH,0.1,0.0
129.13,2.433,1.616,0.716,HIGH,0.1,0.0
129.23,2.433,1.616,0.716,HIGH,0.1,0.0
129.28,2.431,1.616,0.716,HIGH,0.1,0.0
129.4,2.431,1.616,0.716,HIGH,0.1,0.0
129.5,2.431,1.59,0.681,HIGH,0.1,0.0
129.62,2.429,1.59,0.681,HIGH,0.1,0.0
129.72,2.429,1.59,0.681,HIGH,0.1,0.0
129.81,2.427,1.59,0.681,HIGH,0.1,0.0
129.93,2.427,1.59,0.681,HIGH,0.1,0.0
130.08,2.427,1.59,0.681,HIGH,0.1,0.0
130.22,2.427,1.59,0.681,HIGH,0.1,0.0
130.3,2.425,1.59,0.681,HIGH,0.1,0.0
130.39,2.423,1.59,0.681,HIGH,0.1,0.0
130.43,2.421,1.59,0.681,HIGH,0.1,0.0
130.54,2.417,1.59,0.681,HIGH,0.1,0.0
130.57,2.415,1.59,0.681,HIGH,0.1,0.0
130.71,2.411,1.59,0.681,HIGH,0.1,0.0
130.83,2.411,1.59,0.681,HIGH,0.1,0.0
131.01,2.411,1.577,0.681,HIGH,0.1,0.0
131.03,2.411,1.577,0.681,HIGH,0.1,0.0
131.13,2.409,1.577,0.681,HIGH,0.1,0.0
131.18,2.409,1.577,0.681,HIGH,0.1,0.0
131.29,2.407,1.577,0.681,HIGH,0.1,0.0
131.42,2.407,1.577,0.681,HIGH,0.1,0.0
131.56,2.405,1.577,0.681,HIGH,0.1,0.0
131.58,2.405,1.577,0.681,HIGH,0.1,0.0
131.68,2.405,1.577,0.681,HIGH,0.1,0.0
131.79,2.403,1.577,0.681,HIGH,0.1,0.0
131.88,2.403,1.577,0.681,HIGH,0.1,0.0
132.0,2.401,1.577,0.681,HIGH,0.1,0.0
132.12,2.401,1.577,0.681,HIGH,0.1,0.0
132.22,2.401,1.577,0.681,HIGH,0.1,0.0
132.36,2.401,1.577,0.681,HIGH,0.1,0.0
132.4,2.401,1.577,0.681,HIGH,0.1,0.0
132.55,2.399,1.577,0.681,HIGH,0.1,0.0
132.64,2.399,1.577,0.681,HIGH,0.1,0.0
132.72,2.397,1.577,0.681,HIGH,0.1,0.0
132.8,2.397,1.577,0.681,HIGH,0.1,0.0
132.92,2.397,1.577,0.681,HIGH,0.1,0.0
133.02,2.397,1.577,0.681,HIGH,0.1,0.0
133.14,2.395,1.577,0.681,HIGH,0.1,0.0
133.43,2.395,1.577,0.681,HIGH,0.1,0.0
133.5,2.395,1.577,0.681,HIGH,0.1,0.0
133.5,2.393,1.577,0.681,HIGH,0.1,0.0
133.59,2.391,1.577,0.681,HIGH,0.1,0.0
133.72,2.389,1.557,0.679,HIGH,0.1,0.0
133.86,2.387,1.557,0.679,HIGH,0.1,0.0
133.97,2.387,1.557,0.679,HIGH,0.1,0.0
134.0,2.387,1.557,0.679,HIGH,0.1,0.0
134.09,2.385,1.557,0.679,HIGH,0.1,0.0
134.2,2.383,1.557,0.679,HIGH,0.1,0.0
134.31,2.383,1.557,0.679,HIGH,0.1,0.0
134.47,2.383,1.557,0.679,HIGH,0.1,0.0
134.53,2.383,1.557,0.679,HIGH,0.1,0.0
134.62,2.381,1.557,0.679,HIGH,0.1,0.0
134.7,2.379,1.557,0.679,HIGH,0.1,0.0
134.79,2.379,1.557,0.679,HIGH,0.1,0.0
134.88,2.377,1.557,0.679,HIGH,0.1,0.0
135.02,2.377,1.557,0.679,HIGH,0.1,0.0
135.15,2.375,1.557,0.679,HIGH,0.1,0.0
135.2,2.375,1.557,0.679,HIGH,0.1,0.0
135.37,2.375,1.557,0.679,HIGH,0.1,0.0
135.45,2.375,1.557,0.679,HIGH,0.1,0.0
135.53,2.373,1.557,0.679,HIGH,0.1,0.0
135.67,2.373,1.557,0.679,HIGH,0.1,0.0
135.73,2.373,1.557,0.679,HIGH,0.1,0.0
135.82,2.371,1.557,0.679,HIGH,0.1,0.0
135.9,2.371,1.557,0.679,HIGH,0.1,0.0
135.98,2.369,1.546,0.668,HIGH,0.1,0.0
136.07,2.367,1.546,0.668,HIGH,0.1,0.0
136.2,2.367,1.546,0.668,HIGH,0.1,0.0
136.29,2.365,1.546,0.668,HIGH,0.1,0.0
136.43,2.365,1.546,0.668,HIGH,0.1,0.0
136.54,2.365,1.546,0.668,HIGH,0.1,0.0
136.59,2.363,1.546,0.668,HIGH,0.1,0.0
136.68,2.361,1.546,0.668,HIGH,0.1,0.0
136.83,2.361,1.546,0.668,HIGH,0.1,0.0
136.9,2.361,1.546,0.668,HIGH,0.1,0.0
136.98,2.359,1.546,0.668,HIGH,0.1,0.0
137.1,2.359,1.546,0.668,HIGH,0.1,0.0
137.21,2.357,1.546,0.668,HIGH,0.1,0.0
137.36,2.355,1.546,0.668,HIGH,0.1,0.0
137.39,2.355,1.546,0.668,HIGH,0.1,0.0
137.48,2.353,1.546,0.668,HIGH,0.1,0.0
137.62,2.351,1.546,0.668,HIGH,0.1,0.0
137.83,2.349,1.546,0.668,HIGH,0.1,0.0
137.89,2.349,1.546,0.668,HIGH,0.1,0.0
137.95,2.349,1.52,0.668,HIGH,0.1,0.0
138.01,2.347,1.52,0.678,HIGH,0.1,0.0
138.13,2.347,1.52,0.678,HIGH,0.1,0.0
138.29,2.345,1.52,0.678,HIGH,0.1,0.0
138.33,2.345,1.52,0.678,HIGH,0.1,0.0
138.43,2.343,1.52,0.678,HIGH,0.1,0.0
138.48,2.343,1.52,0.678,HIGH,0.1,0.0
138.68,2.341,1.52,0.678,HIGH,0.1,0.0
138.74,2.341,1.52,0.678,HIGH,0.1,0.0
138.91,2.341,1.52,0.678,HIGH,0.1,0.0
138.99,2.341,1.52,0.678,HIGH,0.1,0.0
139.12,2.341,1.52,0.678,HIGH,0.1,0.0
139.18,2.339,1.52,0.678,HIGH,0.1,0.0
139.25,2.339,1.52,0.678,HIGH,0.1,0.0
139.28,2.339,1.52,0.678,HIGH,0.1,0.0
139.39,2.337,1.52,0.678,HIGH,0.1,0.0
139.5,2.337,1.52,0.678,HIGH,0.1,0.0
139.6,2.337,1.52,0.678,HIGH,0.1,0.0
139.69,2.335,1.52,0.678,HIGH,0.1,0.0
139.82,2.333,1.52,0.678,HIGH,0.1,0.0
139.91,2.333,1.52,0.678,HIGH,0.1,0.0
139.98,2.333,1.52,0.678,HIGH,0.1,0.0
140.12,2.331,1.52,0.678,HIGH,0.1,0.0
140.22,2.331,1.506,0.678,HIGH,0.1,0.0
140.34,2.329,1.506,0.678,HIGH,0.1,0.0
140.47,2.329,1.506,0.678,HIGH,0.1,0.0
140.56,2.329,1.506,0.678,HIGH,0.1,0.0
140.58,2.329,1.506,0.678,HIGH,0.1,0.0
140.69,2.327,1.506,0.678,HIGH,0.1,0.0
140.86,2.327,1.506,0.678,HIGH,0.1,0.0
140.91,2.327,1.506,0.678,HIGH,0.1,0.0
141.01,2.325,1.506,0.678,HIGH,0.1,0.0
141.11,2.325,1.506,0.678,HIGH,0.1,0.0
141.28,2.325,1.506,0.678,HIGH,0.1,0.0
141.36,2.325,1.506,0.678,HIGH,0.1,0.0
141.42,2.323,1.506,0.678,HIGH,0.1,0.0
141.48,2.323,1.506,0.678,HIGH,0.1,0.0
141.61,2.321,1.506,0.678,HIGH,0.1,0.0
141.68,2.321,1.506,0.678,HIGH,0.1,0.0
141.81,2.319,1.506,0.678,HIGH,0.1,0.0
141.88,2.319,1.506,0.678,HIGH,0.1,0.0
142.02,2.317,1.506,0.678,HIGH,0.1,0.0
142.09,2.317,1.506,0.678,HIGH,0.1,0.0
142.25,2.315,1.506,0.678,HIGH,0.1,0.0
142.33,2.313,1.506,0.678,HIGH,0.1,0.0
142.44,2.313,1.506,0.678,HIGH,0.1,0.0
142.5,2.311,1.506,0.678,HIGH,0.1,0.0
142.61,2.311,1.506,0.678,HIGH,0.1,0.0
142.82,2.311,1.506,0.678,HIGH,0.1,0.0
142.96,2.311,1.506,0.678,HIGH,0.1,0.0
143.03,2.309,1.478,0.68,HIGH,0.1,0.0
143.15,2.309,1.478,0.68,HIGH,0.1,0.0
143.22,2.307,1.478,0.68,HIGH,0.1,0.0
143.31,2.307,1.478,0.68,HIGH,0.1,0.0
143.47,2.305,1.478,0.68,HIGH,0.1,0.0
143.48,2.305,1.478,0.68,HIGH,0.1,0.0
143.69,2.305,1.478,0.68,HIGH,0.1,0.0
143.74,2.305,1.478,0.68,HIGH,0.1,0.0
143.83,2.303,1.478,0.68,HIGH,0.1,0.0
143.89,2.301,1.478,0.68,HIGH,0.1,0.0
144.0,2.299,1.478,0.68,HIGH,0.1,0.0
144.14,2.299,1.478,0.68,HIGH,0.1,0.0
144.19,2.297,1.478,0.68,HIGH,0.1,0.0
144.29,2.297,1.478,0.68,HIGH,0.1,0.0
144.4,2.295,1.478,0.68,HIGH,0.1,0.0
144.52,2.293,1.478,0.68,HIGH,0.1,0.0
144.67,2.291,1.478,0.68,HIGH,0.1,0.0
144.72,2.291,1.478,0.68,HIGH,0.1,0.0
144.83,2.289,1.478,0.68,HIGH,0.1,0.0
144.94,2.287,1.478,0.68,HIGH,0.1,0.0
145.03,2.285,1.478,0.68,HIGH,0.1,0.0
145.12,2.283,1.461,0.689,HIGH,0.1,0.0
145.25,2.279,1.461,0.689,HIGH,0.1,0.0
145.34,2.277,1.461,0.689,HIGH,0.1,0.0
145.41,2.275,1.461,0.689,HIGH,0.1,0.0
145.5,2.273,1.461,0.689,HIGH,0.1,0.0
145.62,2.271,1.461,0.689,HIGH,0.1,0.0
145.69,2.269,1.461,0.689,HIGH,0.1,0.0
145.85,2.267,1.448,0.678,HIGH,0.1,0.0
146.03,2.263,1.448,0.678,HIGH,0.1,0.0
146.05,2.263,1.448,0.678,HIGH,0.1,0.0
146.2,2.261,1.448,0.678,HIGH,0.1,0.0
146.26,2.261,1.448,0.678,HIGH,0.1,0.0
146.3,2.261,1.448,0.678,HIGH,0.1,0.0
146.45,2.259,1.448,0.678,HIGH,0.1,0.0
146.5,2.259,1.448,0.678,HIGH,0.1,0.0
146.64,2.259,1.448,0.678,HIGH,0.1,0.0
146.7,2.257,1.448,0.678,HIGH,0.1,0.0
146.8,2.257,1.448,0.678,HIGH,0.1,0.0
146.96,2.257,1.448,0.678,HIGH,0.1,0.0
147.02,2.257,1.448,0.678,HIGH,0.1,0.0
147.09,2.255,1.448,0.678,HIGH,0.1,0.0
147.21,2.255,1.448,0.678,HIGH,0.1,0.0
147.32,2.253,1.448,0.678,HIGH,0.1,0.0
147.38,2.253,1.448,0.678,HIGH,0.1,0.0
147.5,2.251,1.448,0.678,HIGH,0.1,0.0
147.73,2.251,1.448,0.678,HIGH,0.1,0.0
147.8,2.251,1.448,0.678,HIGH,0.1,0.0
147.81,2.251,1.448,0.678,HIGH,0.1,0.0
147.94,2.251,1.415,0.686,HIGH,0.1,0.0
148.1,2.249,1.415,0.686,HIGH,0.1,0.0
148.15,2.249,1.415,0.686,HIGH,0.1,0.0
148.19,2.249,1.415,0.686,HIGH,0.1,0.0
148.31,2.247,1.415,0.686,HIGH,0.1,0.0
148.41,2.247,1.415,0.686,HIGH,0.1,0.0
148.52,2.245,1.415,0.686,HIGH,0.1,0.0
148.64,2.245,1.415,0.686,HIGH,0.1,0.0
148.69,2.245,1.415,0.686,HIGH,0.1,0.0
148.79,2.243,1.415,0.686,HIGH,0.1,0.0
148.92,2.243,1.415,0.686,HIGH,0.1,0.0
149.05,2.243,1.415,0.686,HIGH,0.1,0.0
149.1,2.243,1.415,0.686,HIGH,0.1,0.0
149.22,2.241,1.415,0.686,HIGH,0.1,0.0
149.29,2.241,1.415,0.686,HIGH,0.1,0.0
149.39,2.239,1.415,0.686,HIGH,0.1,0.0
149.52,2.239,1.415,0.686,HIGH,0.1,0.0
149.66,2.237,1.415,0.686,HIGH,0.1,0.0
149.69,2.237,1.415,0.686,HIGH,0.1,0.0
149.82,2.237,1.415,0.686,HIGH,0.1,0.0
149.98,2.235,1.415,0.686,HIGH,0.1,0.0
149.99,2.235,1.415,0.686,HIGH,0.1,0.0
150.1,2.233,1.415,0.686,HIGH,0.1,0.0
150.23,2.233,1.415,0.686,HIGH,0.1,0.0
150.32,2.231,1.415,0.686,HIGH,0.1,0.0
150.46,2.231,1.415,0.686,HIGH,0.1,0.0
150.54,2.231,1.415,0.686,HIGH,0.1,0.0
150.61,2.229,1.41,0.69,HIGH,0.1,0.0
150.72,2.229,1.41,0.69,HIGH,0.1,0.0
150.81,2.227,1.41,0.69,HIGH,0.1,0.0
150.88,2.227,1.41,0.69,HIGH,0.1,0.0
150.98,2.225,1.41,0.69,HIGH,0.1,0.0
151.18,2.225,1.41,0.69,HIGH,0.1,0.0
151.24,2.225,1.41,0.69,HIGH,0.1,0.0
151.31,2.221,1.41,0.69,HIGH,0.1,0.0
151.41,2.219,1.41,0.69,HIGH,0.1,0.0
151.5,2.217,1.41,0.69,HIGH,0.1,0.0
151.61,2.217,1.41,0.69,HIGH,0.1,0.0
151.69,2.215,1.41,0.69,HIGH,0.1,0.0
151.82,2.213,1.41,0.69,HIGH,0.1,0.0
151.94,2.213,1.41,0.69,HIGH,0.1,0.0
152.09,2.211,1.41,0.69,HIGH,0.1,0.0
152.15,2.211,1.41,0.69,HIGH,0.1,0.0
152.21,2.209,1.41,0.69,HIGH,0.1,0.0
152.31,2.209,1.41,0.69,HIGH,0.1,0.0
152.48,2.207,1.41,0.69,HIGH,0.1,0.0
152.6,2.207,1.41,0.69,HIGH,0.1,0.0
152.68,2.207,1.382,0.689,HIGH,0.1,0.0
152.85,2.205,1.382,0.689,HIGH,0.1,0.0
152.89,2.205,1.382,0.689,HIGH,0.1,0.0
152.94,2.205,1.382,0.689,HIGH,0.1,0.0
153.04,2.203,1.382,0.689,HIGH,0.1,0.0
153.11,2.201,1.382,0.689,HIGH,0.1,0.0
153.21,2.201,1.382,0.689,HIGH,0.1,0.0
153.43,2.201,1.382,0.689,HIGH,0.1,0.0
153.45,2.201,1.382,0.689,HIGH,0.1,0.0
153.54,2.199,1.382,0.689,HIGH,0.1,0.0
153.58,2.199,1.382,0.689,HIGH,0.1,0.0
153.68,2.199,1.382,0.689,HIGH,0.1,0.0
153.82,2.197,1.382,0.689,HIGH,0.1,0.0
153.92,2.195,1.382,0.689,HIGH,0.1,0.0
154.02,2.195,1.382,0.689,HIGH,0.1,0.0
154.08,2.195,1.382,0.689,HIGH,0.1,0.0
154.2,2.193,1.382,0.689,HIGH,0.1,0.0
154.29,2.191,1.382,0.689,HIGH,0.1,0.0
154.41,2.191,1.382,0.689,HIGH,0.1,0.0
154.5,2.189,1.382,0.681,HIGH,0.1,0.0
154.61,2.189,1.382,0.681,HIGH,0.1,0.0
154.74,2.187,1.382,0.681,HIGH,0.1,0.0
154.85,2.187,1.382,0.681,HIGH,0.1,0.0
154.88,2.187,1.382,0.681,HIGH,0.1,0.0
155.02,2.185,1.382,0.681,HIGH,0.1,0.0
155.09,2.185,1.382,0.681,HIGH,0.1,0.0
155.27,2.185,1.382,0.681,HIGH,0.1,0.0
155.33,2.185,1.382,0.681,HIGH,0.1,0.0
155.37,2.183,1.382,0.681,HIGH,0.1,0.0
155.63,2.183,1.382,0.681,HIGH,0.1,0.0
155.65,2.183,1.382,0.681,HIGH,0.1,0.0
155.69,2.183,1.382,0.681,HIGH,0.1,0.0
155.85,2.183,1.382,0.681,HIGH,0.1,0.0
155.92,2.183,1.382,0.681,HIGH,0.1,0.0
155.98,2.181,1.382,0.681,HIGH,0.1,0.0
156.17,2.181,1.382,0.681,HIGH,0.1,0.0
156.22,2.181,1.382,0.681,HIGH,0.1,0.0
156.28,2.179,1.382,0.681,HIGH,0.1,0.0
156.43,2.179,1.382,0.681,HIGH,0.1,0.0
156.5,2.179,1.382,0.681,HIGH,0.1,0.0
156.63,2.179,1.382,0.681,HIGH,0.1,0.0
156.73,2.177,1.382,0.681,HIGH,0.1,0.0
156.81,2.177,1.382,0.681,HIGH,0.1,0.0
156.9,2.177,1.382,0.681,HIGH,0.1,0.0
157.01,2.175,1.382,0.681,HIGH,0.1,0.0
157.23,2.175,1.382,0.681,HIGH,0.1,0.0
157.42,2.175,1.382,0.681,HIGH,0.1,0.0
157.54,2.173,1.382,0.681,HIGH,0.1,0.0
157.67,2.171,1.382,0.681,HIGH,0.1,0.0
157.72,2.171,1.382,0.681,HIGH,0.1,0.0
157.84,2.169,1.382,0.681,HIGH,0.1,0.0
157.89,2.169,1.382,0.681,HIGH,0.1,0.0
158.02,2.165,1.346,0.688,HIGH,0.1,0.0
158.14,2.165,1.346,0.688,HIGH,0.1,0.0
158.2,2.165,1.346,0.688,HIGH,0.1,0.0
158.28,2.163,1.346,0.688,HIGH,0.1,0.0
158.41,2.163,1.346,0.688,HIGH,0.1,0.0
158.57,2.161,1.346,0.688,HIGH,0.1,0.0
158.63,2.161,1.346,0.688,HIGH,0.1,0.0
158.69,2.161,1.346,0.688,HIGH,0.1,0.0
158.8,2.159,1.346,0.688,HIGH,0.1,0.0
158.87,2.159,1.346,0.688,HIGH,0.1,0.0
159.09,2.159,1.346,0.688,HIGH,0.1,0.0
159.11,2.159,1.346,0.688,HIGH,0.1,0.0
159.2,2.157,1.346,0.688,HIGH,0.1,0.0
159.28,2.157,1.346,0.688,HIGH,0.1,0.0
159.4,2.155,1.346,0.688,HIGH,0.1,0.0
159.48,2.153,1.346,0.688,HIGH,0.1,0.0
159.62,2.151,1.346,0.688,HIGH,0.1,0.0
159.76,2.149,1.346,0.688,HIGH,0.1,0.0
159.84,2.149,1.346,0.688,HIGH,0.1,0.0
159.92,2.147,1.311,0.685,HIGH,0.1,0.0
160.04,2.147,1.311,0.685,HIGH,0.1,0.0
160.11,2.147,1.311,0.685,HIGH,0.1,0.0
160.18,2.147,1.311,0.685,HIGH,0.1,0.0
160.34,2.145,1.311,0.685,HIGH,0.1,0.0
160.49,2.145,1.311,0.685,HIGH,0.1,0.0
160.69,2.145,1.311,0.685,HIGH,0.1,0.0
160.71,2.143,1.311,0.685,HIGH,0.1,0.0
160.81,2.143,1.311,0.685,HIGH,0.1,0.0
160.92,2.141,1.311,0.685,HIGH,0.1,0.0
161.0,2.141,1.311,0.685,HIGH,0.1,0.0
161.12,2.139,1.311,0.685,HIGH,0.1,0.0
161.25,2.139,1.311,0.685,HIGH,0.1,0.0
161.3,2.137,1.311,0.685,HIGH,0.1,0.0
161.41,2.137,1.311,0.685,HIGH,0.1,0.0
161.52,2.135,1.311,0.685,HIGH,0.1,0.0
161.6,2.135,1.311,0.685,HIGH,0.1,0.0
161.69,2.133,1.311,0.685,HIGH,0.1,0.0
161.78,2.133,1.311,0.685,HIGH,0.1,0.0
161.97,2.133,1.311,0.685,HIGH,0.1,0.0
162.12,2.131,1.311,0.685,HIGH,0.1,0.0
162.22,2.131,1.311,0.685,HIGH,0.1,0.0
162.24,2.131,1.308,0.685,HIGH,0.1,0.0
162.34,2.131,1.308,0.692,HIGH,0.1,0.0
162.53,2.129,1.308,0.692,HIGH,0.1,0.0
162.71,2.129,1.308,0.692,HIGH,0.1,0.0
162.74,2.127,1.308,0.692,HIGH,0.1,0.0
162.8,2.125,1.308,0.692,HIGH,0.1,0.0
162.96,2.125,1.308,0.692,HIGH,0.1,0.0
163.03,2.125,1.308,0.692,HIGH,0.1,0.0
163.17,2.125,1.308,0.692,HIGH,0.1,0.0
163.21,2.125,1.308,0.692,HIGH,0.1,0.0
163.33,2.123,1.308,0.692,HIGH,0.1,0.0
163.42,2.121,1.308,0.692,HIGH,0.1,0.0
163.52,2.121,1.308,0.692,HIGH,0.1,0.0
163.83,2.121,1.308,0.692,HIGH,0.1,0.0
163.91,2.121,1.308,0.692,HIGH,0.1,0.0
164.01,2.119,1.308,0.692,HIGH,0.1,0.0
164.17,2.119,1.308,0.692,HIGH,0.1,0.0
164.32,2.119,1.308,0.692,HIGH,0.1,0.0
164.34,2.117,1.308,0.692,HIGH,0.1,0.0
164.37,2.115,1.308,0.692,HIGH,0.1,0.0
164.51,2.115,1.308,0.692,HIGH,0.1,0.0
164.62,2.113,1.308,0.692,HIGH,0.1,0.0
164.67,2.113,1.308,0.692,HIGH,0.1,0.0
164.83,2.113,1.308,0.692,HIGH,0.1,0.0
164.88,2.113,1.308,0.692,HIGH,0.1,0.0
165.03,2.113,1.308,0.692,HIGH,0.1,0.0
165.16,2.111,1.284,0.695,HIGH,0.1,0.0
165.2,2.111,1.284,0.695,HIGH,0.1,0.0
165.29,2.109,1.284,0.695,HIGH,0.1,0.0
165.45,2.109,1.284,0.695,HIGH,0.1,0.0
165.47,2.107,1.284,0.695,HIGH,0.1,0.0
165.58,2.105,1.284,0.695,HIGH,0.1,0.0
165.71,2.105,1.284,0.695,HIGH,0.1,0.0
165.8,2.105,1.284,0.695,HIGH,0.1,0.0
165.89,2.105,1.284,0.695,HIGH,0.1,0.0
166.01,2.103,1.284,0.695,HIGH,0.1,0.0
166.08,2.101,1.284,0.695,HIGH,0.1,0.0
166.18,2.099,1.284,0.695,HIGH,0.1,0.0
166.31,2.099,1.284,0.695,HIGH,0.1,0.0
166.46,2.097,1.284,0.695,HIGH,0.1,0.0
166.54,2.097,1.284,0.695,HIGH,0.1,0.0
166.61,2.095,1.284,0.695,HIGH,0.1,0.0
166.75,2.095,1.284,0.695,HIGH,0.1,0.0
166.77,2.093,1.284,0.695,HIGH,0.1,0.0
166.89,2.093,1.284,0.695,HIGH,0.1,0.0
167.03,2.091,1.284,0.695,HIGH,0.1,0.0
167.11,2.091,1.284,0.695,HIGH,0.1,0.0
167.23,2.091,1.274,0.694,HIGH,0.1,0.0
167.32,2.089,1.274,0.694,HIGH,0.1,0.0
167.4,2.089,1.274,0.694,HIGH,0.1,0.0
167.5,2.087,1.274,0.694,HIGH,0.1,0.0
167.6,2.085,1.274,0.694,HIGH,0.1,0.0
167.7,2.085,1.274,0.694,HIGH,0.1,0.0
167.84,2.085,1.274,0.694,HIGH,0.1,0.0
167.94,2.083,1.274,0.694,HIGH,0.1,0.0
168.01,2.083,1.274,0.694,HIGH,0.1,0.0
168.14,2.083,1.274,0.694,HIGH,0.1,0.0
168.23,2.081,1.274,0.694,HIGH,0.1,0.0
168.38,2.081,1.274,0.694,HIGH,0.1,0.0
168.43,2.081,1.274,0.694,HIGH,0.1,0.0
168.53,2.079,1.274,0.694,HIGH,0.1,0.0
168.66,2.079,1.274,0.694,HIGH,0.1,0.0
168.71,2.079,1.274,0.694,HIGH,0.1,0.0
168.81,2.077,1.274,0.694,HIGH,0.1,0.0
168.88,2.077,1.274,0.694,HIGH,0.1,0.0
169.01,2.077,1.274,0.694,HIGH,0.1,0.0
169.19,2.075,1.274,0.694,HIGH,0.1,0.0
169.26,2.075,1.274,0.694,HIGH,0.1,0.0
169.32,2.075,1.274,0.694,HIGH,0.1,0.0
169.39,2.075,1.274,0.694,HIGH,0.1,0.0
169.53,2.071,1.274,0.694,HIGH,0.1,0.0
169.59,2.069,1.274,0.694,HIGH,0.1,0.0
169.73,2.067,1.274,0.694,HIGH,0.1,0.0
169.89,2.067,1.274,0.694,HIGH,0.1,0.0
170.01,2.067,1.274,0.694,HIGH,0.1,0.0
170.08,2.067,1.246,0.692,HIGH,0.1,0.0
170.09,2.065,1.246,0.692,HIGH,0.1,0.0
170.3,2.065,1.246,0.692,HIGH,0.1,0.0
170.31,2.065,1.246,0.692,HIGH,0.1,0.0
170.4,2.063,1.246,0.692,HIGH,0.1,0.0
170.54,2.063,1.246,0.692,HIGH,0.1,0.0
170.59,2.063,1.246,0.692,HIGH,0.1,0.0
170.69,2.061,1.246,0.692,HIGH,0.1,0.0
170.82,2.061,1.246,0.692,HIGH,0.1,0.0
170.91,2.061,1.246,0.692,HIGH,0.1,0.0
170.98,2.059,1.246,0.692,HIGH,0.1,0.0
171.08,2.059,1.246,0.692,HIGH,0.1,0.0
171.21,2.057,1.246,0.692,HIGH,0.1,0.0
171.29,2.055,1.246,0.692,HIGH,0.1,0.0
171.43,2.055,1.246,0.692,HIGH,0.1,0.0
171.51,2.055,1.246,0.692,HIGH,0.1,0.0
171.66,2.053,1.246,0.692,HIGH,0.1,0.0
171.74,2.053,1.246,0.692,HIGH,0.1,0.0
171.81,2.051,1.246,0.692,HIGH,0.1,0.0
171.93,2.051,1.228,0.684,HIGH,0.1,0.0
172.0,2.049,1.228,0.684,HIGH,0.1,0.0
172.2,2.047,1.228,0.684,HIGH,0.1,0.0
172.34,2.047,1.228,0.684,HIGH,0.1,0.0
172.45,2.047,1.228,0.684,HIGH,0.1,0.0
172.49,2.045,1.228,0.684,HIGH,0.1,0.0
172.63,2.045,1.228,0.684,HIGH,0.1,0.0
172.67,2.045,1.228,0.684,HIGH,0.1,0.0
172.83,2.043,1.228,0.684,HIGH,0.1,0.0
172.95,2.043,1.228,0.684,HIGH,0.1,0.0
173.07,2.041,1.228,0.684,HIGH,0.1,0.0
173.11,2.041,1.228,0.684,HIGH,0.1,0.0
173.22,2.041,1.228,0.684,HIGH,0.1,0.0
173.33,2.039,1.228,0.684,HIGH,0.1,0.0
173.44,2.039,1.228,0.684,HIGH,0.1,0.0
173.53,2.039,1.228,0.684,HIGH,0.1,0.0
173.59,2.039,1.228,0.684,HIGH,0.1,0.0
173.74,2.037,1.228,0.684,HIGH,0.1,0.0
173.87,2.037,1.228,0.684,HIGH,0.1,0.0
173.96,2.037,1.228,0.684,HIGH,0.1,0.0
173.97,2.037,1.228,0.684,HIGH,0.1,0.0
174.13,2.035,1.228,0.684,HIGH,0.1,0.0
174.18,2.035,1.228,0.684,HIGH,0.1,0.0
174.39,2.035,1.228,0.684,HIGH,0.1,0.0
174.45,2.033,1.228,0.684,HIGH,0.1,0.0
174.5,2.033,1.228,0.684,HIGH,0.1,0.0
174.64,2.033,1.228,0.684,HIGH,0.1,0.0
174.74,2.033,1.228,0.684,HIGH,0.1,0.0
174.77,2.031,1.228,0.684,HIGH,0.1,0.0
174.94,2.031,1.198,0.685,HIGH,0.1,0.0
175.07,2.029,1.198,0.685,HIGH,0.1,0.0
175.14,2.029,1.198,0.685,HIGH,0.1,0.0
175.19,2.029,1.198,0.685,HIGH,0.1,0.0
175.29,2.027,1.198,0.685,HIGH,0.1,0.0
175.41,2.027,1.198,0.685,HIGH,0.1,0.0
175.51,2.025,1.198,0.685,HIGH,0.1,0.0
175.63,2.025,1.198,0.685,HIGH,0.1,0.0
175.71,2.025,1.198,0.685,HIGH,0.1,0.0
175.85,2.023,1.198,0.685,HIGH,0.1,0.0
176.03,2.023,1.198,0.685,HIGH,0.1,0.0
176.18,2.023,1.198,0.685,HIGH,0.1,0.0
176.25,2.023,1.198,0.685,HIGH,0.1,0.0
176.35,2.019,1.198,0.685,HIGH,0.1,0.0
176.42,2.019,1.198,0.685,HIGH,0.1,0.0
176.53,2.019,1.198,0.685,HIGH,0.1,0.0
176.65,2.017,1.198,0.685,HIGH,0.1,0.0
176.74,2.017,1.198,0.685,HIGH,0.1,0.0
176.89,2.017,1.198,0.685,HIGH,0.1,0.0
176.92,2.017,1.198,0.685,HIGH,0.1,0.0
177.14,2.015,1.198,0.685,HIGH,0.1,0.0
177.22,2.015,1.198,0.685,HIGH,0.1,0.0
177.22,2.013,1.198,0.685,HIGH,0.1,0.0
177.35,2.011,1.198,0.685,HIGH,0.1,0.0
177.5,2.011,1.198,0.685,HIGH,0.1,0.0
177.64,2.011,1.198,0.685,HIGH,0.1,0.0
177.77,2.011,1.19,0.682,HIGH,0.1,0.0
177.79,2.009,1.19,0.682,HIGH,0.1,0.0
177.9,2.009,1.19,0.682,HIGH,0.1,0.0
178.0,2.009,1.19,0.682,HIGH,0.1,0.0
178.13,2.009,1.19,0.682,HIGH,0.1,0.0
178.2,2.009,1.19,0.682,HIGH,0.1,0.0
178.34,2.007,1.19,0.682,HIGH,0.1,0.0
178.45,2.007,1.19,0.682,HIGH,0.1,0.0
178.52,2.007,1.19,0.682,HIGH,0.1,0.0
178.62,2.005,1.19,0.682,HIGH,0.1,0.0
178.69,2.005,1.19,0.682,HIGH,0.1,0.0
178.8,2.005,1.19,0.682,HIGH,0.1,0.0
178.89,2.003,1.19,0.682,HIGH,0.1,0.0
179.02,2.003,1.19,0.682,HIGH,0.1,0.0
179.09,2.003,1.19,0.682,HIGH,0.1,0.0
179.23,2.003,1.19,0.682,HIGH,0.1,0.0
179.33,2.003,1.19,0.682,HIGH,0.1,0.0
179.41,2.001,1.19,0.682,HIGH,0.1,0.0
179.5,2.001,1.19,0.682,HIGH,0.1,0.0
179.59,1.999,1.19,0.682,HIGH,0.1,0.0
179.75,1.999,1.19,0.682,HIGH,0.1,0.0
179.81,1.997,1.19,0.682,HIGH,0.1,0.0
179.9,1.997,1.19,0.682,HIGH,0.1,0.0
180.0,1.997,1.19,0.682,HIGH,0.1,0.0
180.08,1.995,1.19,0.682,HIGH,0.1,0.0
180.26,1.993,1.19,0.682,HIGH,0.1,0.0
180.28,1.993,1.19,0.682,HIGH,0.1,0.0
180.38,1.991,1.19,0.682,HIGH,0.1,0.0
180.5,1.991,1.19,0.682,HIGH,0.1,0.0
180.59,1.991,1.19,0.682,HIGH,0.1,0.0
180.68,1.989,1.172,0.675,HIGH,0.1,0.0
180.79,1.989,1.172,0.675,HIGH,0.1,0.0
180.91,1.987,1.172,0.675,HIGH,0.1,0.0
181.05,1.985,1.172,0.675,HIGH,0.1,0.0
181.11,1.985,1.172,0.675,HIGH,0.1,0.0
181.26,1.983,1.172,0.675,HIGH,0.1,0.0
181.31,1.983,1.172,0.675,HIGH,0.1,0.0
181.39,1.981,1.172,0.675,HIGH,0.1,0.0
181.5,1.981,1.172,0.675,HIGH,0.1,0.0
181.6,1.979,1.172,0.675,HIGH,0.1,0.0
181.72,1.979,1.172,0.675,HIGH,0.1,0.0
181.82,1.977,1.172,0.675,HIGH,0.1,0.0
181.87,1.977,1.172,0.675,HIGH,0.1,0.0
182.05,1.977,1.172,0.675,HIGH,0.1,0.0
182.09,1.977,1.172,0.675,HIGH,0.1,0.0
182.19,1.975,1.172,0.675,HIGH,0.1,0.0
182.35,1.975,1.172,0.675,HIGH,0.1,0.0
182.43,1.973,1.172,0.675,HIGH,0.1,0.0
182.59,1.973,1.172,0.675,HIGH,0.1,0.0
182.68,1.973,1.172,0.675,HIGH,0.1,0.0
182.7,1.973,1.172,0.675,HIGH,0.1,0.0
182.84,1.973,1.172,0.675,HIGH,0.1,0.0
182.91,1.971,1.172,0.675,HIGH,0.1,0.0
182.97,1.971,1.159,0.675,HIGH,0.1,0.0
183.18,1.971,1.159,0.673,HIGH,0.1,0.0
183.28,1.971,1.159,0.673,HIGH,0.1,0.0
183.31,1.969,1.159,0.673,HIGH,0.1,0.0
183.37,1.969,1.159,0.673,HIGH,0.1,0.0
183.5,1.967,1.159,0.673,HIGH,0.1,0.0
183.59,1.967,1.159,0.673,HIGH,0.1,0.0
183.69,1.967,1.159,0.673,HIGH,0.1,0.0
183.8,1.965,1.159,0.673,HIGH,0.1,0.0
183.89,1.963,1.159,0.673,HIGH,0.1,0.0
183.98,1.961,1.159,0.673,HIGH,0.1,0.0
184.11,1.961,1.159,0.673,HIGH,0.1,0.0
184.23,1.959,1.159,0.673,HIGH,0.1,0.0
184.34,1.959,1.159,0.673,HIGH,0.1,0.0
184.38,1.959,1.159,0.673,HIGH,0.1,0.0
184.48,1.957,1.159,0.673,HIGH,0.1,0.0
184.57,1.957,1.159,0.673,HIGH,0.1,0.0
184.7,1.955,1.159,0.673,HIGH,0.1,0.0
184.87,1.953,1.159,0.673,HIGH,0.1,0.0
184.89,1.953,1.159,0.673,HIGH,0.1,0.0
185.04,1.953,1.159,0.673,HIGH,0.1,0.0
185.09,1.951,1.159,0.673,HIGH,0.1,0.0
185.23,1.951,1.159,0.673,HIGH,0.1,0.0
185.28,1.951,1.153,0.672,HIGH,0.1,0.0
185.4,1.949,1.153,0.672,HIGH,0.1,0.0
185.63,1.949,1.153,0.672,HIGH,0.1,0.0
185.64,1.949,1.153,0.672,HIGH,0.1,0.0
185.76,1.949,1.153,0.672,HIGH,0.1,0.0
185.85,1.949,1.153,0.672,HIGH,0.1,0.0
185.89,1.947,1.153,0.672,HIGH,0.1,0.0
186.04,1.947,1.153,0.672,HIGH,0.1,0.0
186.11,1.945,1.153,0.672,HIGH,0.1,0.0
186.18,1.945,1.153,0.672,HIGH,0.1,0.0
186.33,1.945,1.153,0.672,HIGH,0.1,0.0
186.42,1.945,1.153,0.672,HIGH,0.1,0.0
186.47,1.943,1.153,0.672,HIGH,0.1,0.0
186.63,1.943,1.153,0.672,HIGH,0.1,0.0
186.78,1.943,1.153,0.672,HIGH,0.1,0.0
186.85,1.943,1.153,0.672,HIGH,0.1,0.0
186.88,1.943,1.153,0.672,HIGH,0.1,0.0
187.0,1.941,1.153,0.672,HIGH,0.1,0.0
187.08,1.941,1.153,0.672,HIGH,0.1,0.0
187.24,1.941,1.153,0.672,HIGH,0.1,0.0
187.31,1.941,1.153,0.672,HIGH,0.1,0.0
187.39,1.939,1.153,0.672,HIGH,0.1,0.0
187.54,1.939,1.153,0.672,HIGH,0.1,0.0
187.6,1.939,1.153,0.672,HIGH,0.1,0.0
187.69,1.937,1.153,0.672,HIGH,0.1,0.0
187.85,1.937,1.153,0.672,HIGH,0.1,0.0
187.91,1.937,1.153,0.672,HIGH,0.1,0.0
187.99,1.935,1.153,0.672,HIGH,0.1,0.0
188.09,1.935,1.153,0.672,HIGH,0.1,0.0
188.19,1.933,1.153,0.672,HIGH,0.1,0.0
188.37,1.933,1.153,0.672,HIGH,0.1,0.0
188.45,1.933,1.153,0.672,HIGH,0.1,0.0
188.54,1.933,1.153,0.672,HIGH,0.1,0.0
188.63,1.931,1.153,0.672,HIGH,0.1,0.0
188.72,1.931,1.127,0.665,HIGH,0.1,0.0
188.89,1.931,1.127,0.665,HIGH,0.1,0.0
188.96,1.931,1.127,0.665,HIGH,0.1,0.0
188.98,1.929,1.127,0.665,HIGH,0.1,0.0
189.11,1.927,1.127,0.665,HIGH,0.1,0.0
189.24,1.927,1.127,0.665,HIGH,0.1,0.0
189.33,1.927,1.127,0.665,HIGH,0.1,0.0
189.52,1.927,1.127,0.665,HIGH,0.1,0.0
189.59,1.927,1.127,0.665,HIGH,0.1,0.0
189.7,1.925,1.127,0.665,HIGH,0.1,0.0
189.71,1.925,1.127,0.665,HIGH,0.1,0.0
189.77,1.925,1.127,0.665,HIGH,0.1,0.0
189.91,1.925,1.127,0.665,HIGH,0.1,0.0
189.99,1.923,1.127,0.665,HIGH,0.1,0.0
190.15,1.923,1.127,0.665,HIGH,0.1,0.0
190.19,1.923,1.127,0.665,HIGH,0.1,0.0
190.3,1.921,1.127,0.665,HIGH,0.1,0.0
190.4,1.919,1.127,0.665,HIGH,0.1,0.0
190.58,1.917,1.127,0.665,HIGH,0.1,0.0
190.61,1.917,1.127,0.665,HIGH,0.1,0.0
190.7,1.917,1.127,0.665,HIGH,0.1,0.0
190.84,1.915,1.127,0.665,HIGH,0.1,0.0
190.97,1.915,1.127,0.665,HIGH,0.1,0.0
191.18,1.915,1.127,0.665,HIGH,0.1,0.0
191.23,1.915,1.127,0.665,HIGH,0.1,0.0
191.31,1.913,1.127,0.665,HIGH,0.1,0.0
191.43,1.913,1.127,0.665,HIGH,0.1,0.0
191.52,1.913,1.127,0.665,HIGH,0.1,0.0
191.64,1.913,1.127,0.665,HIGH,0.1,0.0
191.73,1.911,1.11,0.665,HIGH,0.1,0.0
191.78,1.911,1.11,0.664,HIGH,0.1,0.0
191.93,1.911,1.11,0.664,HIGH,0.1,0.0
192.04,1.911,1.11,0.664,HIGH,0.1,0.0
192.13,1.909,1.11,0.664,HIGH,0.1,0.0
192.23,1.909,1.11,0.664,HIGH,0.1,0.0
192.34,1.909,1.11,0.664,HIGH,0.1,0.0
192.44,1.909,1.11,0.664,HIGH,0.1,0.0
192.49,1.907,1.11,0.664,HIGH,0.1,0.0
192.61,1.907,1.11,0.664,HIGH,0.1,0.0
192.69,1.907,1.11,0.664,HIGH,0.1,0.0
192.78,1.907,1.11,0.664,HIGH,0.1,0.0
192.9,1.905,1.11,0.664,HIGH,0.1,0.0
192.99,1.905,1.11,0.664,HIGH,0.1,0.0
193.07,1.905,1.11,0.664,HIGH,0.1,0.0
193.21,1.903,1.11,0.664,HIGH,0.1,0.0
193.32,1.903,1.11,0.664,HIGH,0.1,0.0
193.4,1.903,1.11,0.664,HIGH,0.1,0.0
193.53,1.901,1.11,0.664,HIGH,0.1,0.0
193.6,1.901,1.11,0.664,HIGH,0.1,0.0
193.71,1.899,1.11,0.664,HIGH,0.1,0.0
193.81,1.899,1.11,0.664,HIGH,0.1,0.0
193.91,1.897,1.11,0.664,HIGH,0.1,0.0
194.09,1.897,1.11,0.664,HIGH,0.1,0.0
194.13,1.897,1.11,0.664,HIGH,0.1,0.0
194.22,1.895,1.11,0.664,HIGH,0.1,0.0
194.3,1.895,1.11,0.664,HIGH,0.1,0.0
194.41,1.893,1.11,0.664,HIGH,0.1,0.0
194.51,1.893,1.11,0.664,HIGH,0.1,0.0
194.64,1.893,1.11,0.664,HIGH,0.1,0.0
194.73,1.893,1.11,0.664,HIGH,0.1,0.0
194.84,1.891,1.11,0.664,HIGH,0.1,0.0
194.94,1.891,1.084,0.656,HIGH,0.1,0.0
195.06,1.891,1.084,0.656,HIGH,0.1,0.0
195.12,1.891,1.084,0.656,HIGH,0.1,0.0
195.35,1.889,1.084,0.656,HIGH,0.1,0.0
195.46,1.889,1.084,0.656,HIGH,0.1,0.0
195.59,1.887,1.084,0.656,HIGH,0.1,0.0
195.72,1.887,1.084,0.656,HIGH,0.1,0.0
195.76,1.887,1.084,0.656,HIGH,0.1,0.0
195.79,1.887,1.084,0.656,HIGH,0.1,0.0
195.94,1.885,1.084,0.656,HIGH,0.1,0.0
196.06,1.885,1.084,0.656,HIGH,0.1,0.0
196.11,1.885,1.084,0.656,HIGH,0.1,0.0
196.25,1.885,1.084,0.656,HIGH,0.1,0.0
196.4,1.883,1.084,0.656,HIGH,0.1,0.0
196.51,1.883,1.084,0.656,HIGH,0.1,0.0
196.55,1.883,1.084,0.656,HIGH,0.1,0.0
196.79,1.881,1.084,0.656,HIGH,0.1,0.0
196.88,1.881,1.084,0.656,HIGH,0.1,0.0
196.94,1.879,1.084,0.656,HIGH,0.1,0.0
197.05,1.879,1.084,0.656,HIGH,0.1,0.0
197.1,1.879,1.084,0.656,HIGH,0.1,0.0
197.22,1.877,1.084,0.656,HIGH,0.1,0.0
197.33,1.877,1.084,0.656,HIGH,0.1,0.0
197.45,1.877,1.084,0.656,HIGH,0.1,0.0
197.54,1.875,1.084,0.656,HIGH,0.1,0.0
197.66,1.875,1.084,0.656,HIGH,0.1,0.0
197.76,1.875,1.084,0.656,HIGH,0.1,0.0
197.77,1.875,1.084,0.656,HIGH,0.1,0.0
197.91,1.873,1.084,0.656,HIGH,0.1,0.0
197.99,1.873,1.084,0.656,HIGH,0.1,0.0
198.15,1.873,1.084,0.656,HIGH,0.1,0.0
198.25,1.871,1.084,0.656,HIGH,0.1,0.0
198.34,1.871,1.084,0.656,HIGH,0.1,0.0
198.47,1.871,1.084,0.656,HIGH,0.1,0.0
198.52,1.871,1.084,0.656,HIGH,0.1,0.0
198.72,1.867,1.064,0.656,HIGH,0.1,0.0
198.81,1.867,1.064,0.656,HIGH,0.1,0.0
198.82,1.865,1.064,0.649,HIGH,0.1,0.0
198.9,1.863,1.064,0.649,HIGH,0.1,0.0
199.04,1.863,1.064,0.649,HIGH,0.1,0.0
199.1,1.863,1.064,0.649,HIGH,0.1,0.0
199.19,1.863,1.064,0.649,HIGH,0.1,0.0
199.29,1.861,1.064,0.649,HIGH,0.1,0.0
199.46,1.861,1.064,0.649,HIGH,0.1,0.0
199.5,1.859,1.064,0.649,HIGH,0.1,0.0
199.57,1.859,1.064,0.649,HIGH,0.1,0.0
199.79,1.857,1.064,0.649,HIGH,0.1,0.0
199.87,1.857,1.064,0.649,HIGH,0.1,0.0
199.9,1.855,1.064,0.649,HIGH,0.1,0.0
200.02,1.855,1.064,0.649,HIGH,0.1,0.0
200.12,1.853,1.064,0.649,HIGH,0.1,0.0
200.26,1.853,1.064,0.649,HIGH,0.1,0.0
200.27,1.853,1.064,0.649,HIGH,0.1,0.0
200.46,1.851,1.064,0.649,HIGH,0.1,0.0
200.58,1.851,1.064,0.649,HIGH,0.1,0.0
200.71,1.851,1.049,0.65,HIGH,0.1,0.0
200.81,1.849,1.049,0.65,HIGH,0.1,0.0
200.83,1.847,1.049,0.65,HIGH,0.1,0.0
200.91,1.845,1.049,0.65,HIGH,0.1,0.0
201.04,1.845,1.049,0.65,HIGH,0.1,0.0
201.09,1.845,1.049,0.65,HIGH,0.1,0.0
201.17,1.843,1.049,0.65,HIGH,0.1,0.0
201.29,1.843,1.049,0.65,HIGH,0.1,0.0
201.42,1.843,1.049,0.65,HIGH,0.1,0.0
201.55,1.841,1.049,0.65,HIGH,0.1,0.0
201.63,1.841,1.049,0.65,HIGH,0.1,0.0
201.69,1.839,1.049,0.65,HIGH,0.1,0.0
201.83,1.839,1.049,0.65,HIGH,0.1,0.0
201.89,1.837,1.049,0.65,HIGH,0.1,0.0
202.03,1.835,1.049,0.65,HIGH,0.1,0.0
202.09,1.833,1.049,0.65,HIGH,0.1,0.0
202.21,1.833,1.049,0.65,HIGH,0.1,0.0
202.32,1.831,1.049,0.65,HIGH,0.1,0.0
202.41,1.831,1.043,0.65,HIGH,0.1,0.0
202.48,1.831,1.043,0.647,HIGH,0.1,0.0
202.6,1.829,1.043,0.647,HIGH,0.1,0.0
202.69,1.829,1.043,0.647,HIGH,0.1,0.0
202.8,1.827,1.043,0.647,HIGH,0.1,0.0
202.91,1.827,1.043,0.647,HIGH,0.1,0.0
203.02,1.827,1.043,0.647,HIGH,0.1,0.0
203.15,1.827,1.043,0.647,HIGH,0.1,0.0
203.28,1.827,1.043,0.647,HIGH,0.1,0.0
203.33,1.825,1.043,0.647,HIGH,0.1,0.0
203.44,1.823,1.043,0.647,HIGH,0.1,0.0
203.48,1.823,1.043,0.647,HIGH,0.1,0.0
203.61,1.823,1.043,0.647,HIGH,0.1,0.0
203.74,1.823,1.043,0.647,HIGH,0.1,0.0
203.79,1.821,1.043,0.647,HIGH,0.1,0.0
203.91,1.821,1.043,0.647,HIGH,0.1,0.0
204.07,1.821,1.043,0.647,HIGH,0.1,0.0
204.12,1.821,1.043,0.647,HIGH,0.1,0.0
204.22,1.819,1.043,0.647,HIGH,0.1,0.0
204.33,1.819,1.043,0.647,HIGH,0.1,0.0
204.4,1.817,1.043,0.647,HIGH,0.1,0.0
204.5,1.817,1.043,0.647,HIGH,0.1,0.0
204.62,1.817,1.043,0.647,HIGH,0.1,0.0
204.78,1.817,1.043,0.647,HIGH,0.1,0.0
204.86,1.817,1.043,0.647,HIGH,0.1,0.0
204.95,1.815,1.043,0.647,HIGH,0.1,0.0
205.08,1.815,1.043,0.647,HIGH,0.1,0.0
205.13,1.815,1.043,0.647,HIGH,0.1,0.0
205.24,1.813,1.043,0.647,HIGH,0.1,0.0
205.33,1.813,1.043,0.647,HIGH,0.1,0.0
205.47,1.811,1.043,0.647,HIGH,0.1,0.0
205.48,1.811,1.043,0.647,HIGH,0.1,0.0
205.63,1.811,1.023,0.638,HIGH,0.1,0.0
205.74,1.811,1.023,0.638,HIGH,0.1,0.0
205.88,1.811,1.023,0.638,HIGH,0.1,0.0
205.92,1.809,1.023,0.638,HIGH,0.1,0.0
206.06,1.809,1.023,0.638,HIGH,0.1,0.0
206.08,1.809,1.023,0.638,HIGH,0.1,0.0
206.19,1.807,1.023,0.638,HIGH,0.1,0.0
206.33,1.807,1.023,0.638,HIGH,0.1,0.0
206.49,1.805,1.023,0.638,HIGH,0.1,0.0
206.58,1.805,1.023,0.638,HIGH,0.1,0.0
206.64,1.805,1.023,0.638,HIGH,0.1,0.0
206.7,1.803,1.023,0.638,HIGH,0.1,0.0
206.91,1.803,1.023,0.638,HIGH,0.1,0.0
206.95,1.803,1.023,0.638,HIGH,0.1,0.0
206.99,1.801,1.023,0.638,HIGH,0.1,0.0
207.14,1.801,1.023,0.638,HIGH,0.1,0.0
207.19,1.801,1.023,0.638,HIGH,0.1,0.0
207.28,1.799,1.023,0.638,HIGH,0.1,0.0
207.4,1.799,1.023,0.638,HIGH,0.1,0.0
207.52,1.797,1.023,0.638,HIGH,0.1,0.0
207.59,1.797,1.023,0.638,HIGH,0.1,0.0
207.71,1.795,1.023,0.638,HIGH,0.1,0.0
207.82,1.795,1.023,0.638,HIGH,0.1,0.0
207.89,1.793,1.023,0.638,HIGH,0.1,0.0
207.99,1.793,1.023,0.638,HIGH,0.1,0.0
208.09,1.793,1.023,0.638,HIGH,0.1,0.0
208.27,1.791,1.023,0.638,HIGH,0.1,0.0
208.31,1.791,1.023,0.638,HIGH,0.1,0.0
208.39,1.791,1.005,0.628,HIGH,0.1,0.0
208.49,1.789,1.005,0.628,HIGH,0.1,0.0
208.61,1.789,1.005,0.628,HIGH,0.1,0.0
208.68,1.787,1.005,0.628,HIGH,0.1,0.0
208.78,1.785,1.005,0.628,HIGH,0.1,0.0
208.89,1.785,1.005,0.628,HIGH,0.1,0.0
209.04,1.785,1.005,0.628,HIGH,0.1,0.0
209.14,1.785,1.005,0.628,HIGH,0.1,0.0
209.2,1.783,1.005,0.628,HIGH,0.1,0.0
209.29,1.783,1.005,0.628,HIGH,0.1,0.0
209.41,1.781,1.005,0.628,HIGH,0.1,0.0
209.55,1.779,1.005,0.628,HIGH,0.1,0.0
209.59,1.779,1.005,0.628,HIGH,0.1,0.0
209.69,1.779,1.005,0.628,HIGH,0.1,0.0
209.82,1.777,1.005,0.628,HIGH,0.1,0.0
209.89,1.777,1.005,0.628,HIGH,0.1,0.0
209.99,1.777,1.005,0.628,HIGH,0.1,0.0
210.13,1.775,1.005,0.628,HIGH,0.1,0.0
210.24,1.775,1.005,0.628,HIGH,0.1,0.0
210.33,1.775,1.005,0.628,HIGH,0.1,0.0
210.42,1.775,1.005,0.628,HIGH,0.1,0.0
210.5,1.773,1.005,0.628,HIGH,0.1,0.0
210.61,1.773,1.005,0.628,HIGH,0.1,0.0
210.7,1.773,1.005,0.628,HIGH,0.1,0.0
210.82,1.773,1.005,0.628,HIGH,0.1,0.0
210.92,1.771,1.005,0.628,HIGH,0.1,0.0
211.02,1.769,0.992,0.625,HIGH,0.1,0.0
211.1,1.769,0.992,0.625,HIGH,0.1,0.0
211.21,1.767,0.992,0.625,HIGH,0.1,0.0
211.36,1.767,0.992,0.625,HIGH,0.1,0.0
211.43,1.767,0.992,0.625,HIGH,0.1,0.0
211.52,1.765,0.992,0.625,HIGH,0.1,0.0
211.62,1.765,0.992,0.625,HIGH,0.1,0.0
211.7,1.765,0.992,0.625,HIGH,0.1,0.0
211.81,1.763,0.992,0.625,HIGH,0.1,0.0
211.95,1.763,0.992,0.625,HIGH,0.1,0.0
211.99,1.761,0.992,0.625,HIGH,0.1,0.0
212.11,1.761,0.992,0.625,HIGH,0.1,0.0
212.19,1.761,0.992,0.625,HIGH,0.1,0.0
212.38,1.761,0.992,0.625,HIGH,0.1,0.0
212.49,1.761,0.992,0.625,HIGH,0.1,0.0
212.56,1.759,0.992,0.625,HIGH,0.1,0.0
212.62,1.759,0.992,0.625,HIGH,0.1,0.0
212.7,1.757,0.992,0.625,HIGH,0.1,0.0
212.82,1.757,0.992,0.625,HIGH,0.1,0.0
212.92,1.755,0.992,0.625,HIGH,0.1,0.0
212.99,1.755,0.992,0.625,HIGH,0.1,0.0
213.13,1.755,0.992,0.625,HIGH,0.1,0.0
213.19,1.753,0.992,0.625,HIGH,0.1,0.0
213.32,1.753,0.992,0.625,HIGH,0.1,0.0
213.4,1.751,0.992,0.625,HIGH,0.1,0.0
213.52,1.751,0.992,0.625,HIGH,0.1,0.0
213.65,1.749,0.977,0.615,HIGH,0.1,0.0
213.81,1.749,0.977,0.615,HIGH,0.1,0.0
213.85,1.749,0.977,0.615,HIGH,0.1,0.0
213.9,1.745,0.977,0.615,HIGH,0.1,0.0
213.98,1.745,0.977,0.615,HIGH,0.1,0.0
214.14,1.745,0.977,0.615,HIGH,0.1,0.0
214.2,1.743,0.977,0.615,HIGH,0.1,0.0
214.29,1.743,0.977,0.615,HIGH,0.1,0.0
214.41,1.743,0.977,0.615,HIGH,0.1,0.0
214.49,1.741,0.977,0.615,HIGH,0.1,0.0
214.6,1.741,0.977,0.615,HIGH,0.1,0.0
214.74,1.741,0.977,0.615,HIGH,0.1,0.0
214.79,1.741,0.977,0.615,HIGH,0.1,0.0
214.93,1.739,0.977,0.615,HIGH,0.1,0.0
215.01,1.739,0.977,0.615,HIGH,0.1,0.0
215.15,1.739,0.977,0.615,HIGH,0.1,0.0
215.23,1.737,0.977,0.615,HIGH,0.1,0.0
215.3,1.737,0.977,0.615,HIGH,0.1,0.0
215.39,1.735,0.977,0.615,HIGH,0.1,0.0
215.52,1.735,0.977,0.615,HIGH,0.1,0.0
215.6,1.735,0.977,0.615,HIGH,0.1,0.0
215.73,1.733,0.977,0.615,HIGH,0.1,0.0
215.8,1.733,0.977,0.615,HIGH,0.1,0.0
215.92,1.733,0.977,0.615,HIGH,0.1,0.0
215.98,1.731,0.977,0.615,HIGH,0.1,0.0
216.08,1.729,0.974,0.609,HIGH,0.1,0.0
216.18,1.729,0.974,0.609,HIGH,0.1,0.0
216.33,1.729,0.974,0.609,HIGH,0.1,0.0
216.44,1.727,0.974,0.609,HIGH,0.1,0.0
216.57,1.727,0.974,0.609,HIGH,0.1,0.0
216.63,1.727,0.974,0.609,HIGH,0.1,0.0
216.7,1.725,0.974,0.609,HIGH,0.1,0.0
216.82,1.725,0.974,0.609,HIGH,0.1,0.0
216.9,1.725,0.974,0.609,HIGH,0.1,0.0
216.99,1.723,0.974,0.609,HIGH,0.1,0.0
217.1,1.723,0.974,0.609,HIGH,0.1,0.0
217.2,1.723,0.974,0.609,HIGH,0.1,0.0
217.31,1.721,0.974,0.609,HIGH,0.1,0.0
217.43,1.721,0.974,0.609,HIGH,0.1,0.0
217.54,1.721,0.974,0.609,HIGH,0.1,0.0
217.58,1.719,0.974,0.609,HIGH,0.1,0.0
217.69,1.719,0.974,0.609,HIGH,0.1,0.0
217.79,1.719,0.974,0.609,HIGH,0.1,0.0
217.9,1.719,0.974,0.609,HIGH,0.1,0.0
218.03,1.719,0.974,0.609,HIGH,0.1,0.0
218.14,1.717,0.974,0.609,HIGH,0.1,0.0
218.24,1.715,0.974,0.609,HIGH,0.1,0.0
218.29,1.715,0.974,0.609,HIGH,0.1,0.0
218.46,1.713,0.974,0.609,HIGH,0.1,0.0
218.55,1.713,0.974,0.609,HIGH,0.1,0.0
218.66,1.713,0.974,0.609,HIGH,0.1,0.0
218.71,1.713,0.974,0.609,HIGH,0.1,0.0
218.91,1.711,0.974,0.609,HIGH,0.1,0.0
218.98,1.711,0.974,0.609,HIGH,0.1,0.0
219.01,1.711,0.974,0.609,HIGH,0.1,0.0
219.1,1.709,0.937,0.593,HIGH,0.1,0.0
219.18,1.709,0.937,0.593,HIGH,0.1,0.0
219.3,1.709,0.937,0.593,HIGH,0.1,0.0
219.4,1.707,0.937,0.593,HIGH,0.1,0.0
219.52,1.707,0.937,0.593,HIGH,0.1,0.0
219.6,1.705,0.937,0.593,HIGH,0.1,0.0
219.71,1.705,0.937,0.593,HIGH,0.1,0.0
219.79,1.705,0.937,0.593,HIGH,0.1,0.0
219.88,1.703,0.937,0.593,HIGH,0.1,0.0
219.99,1.703,0.937,0.593,HIGH,0.1,0.0
220.09,1.701,0.937,0.593,HIGH,0.1,0.0
220.2,1.701,0.937,0.593,HIGH,0.1,0.0
220.31,1.701,0.937,0.593,HIGH,0.1,0.0
220.4,1.699,0.937,0.593,HIGH,0.1,0.0
220.53,1.697,0.937,0.593,HIGH,0.1,0.0
220.64,1.697,0.937,0.593,HIGH,0.1,0.0
220.71,1.697,0.937,0.593,HIGH,0.1,0.0
220.85,1.696,0.937,0.593,HIGH,0.1,0.0
220.92,1.696,0.937,0.593,HIGH,0.1,0.0
221.01,1.696,0.937,0.593,HIGH,0.1,0.0
221.16,1.694,0.937,0.593,HIGH,0.1,0.0
221.23,1.694,0.937,0.593,HIGH,0.1,0.0
221.3,1.694,0.937,0.593,HIGH,0.1,0.0
221.44,1.694,0.937,0.593,HIGH,0.1,0.0
221.55,1.692,0.937,0.593,HIGH,0.1,0.0
221.6,1.692,0.937,0.593,HIGH,0.1,0.0
221.72,1.692,0.926,0.589,HIGH,0.1,0.0
221.87,1.692,0.926,0.589,HIGH,0.1,0.0
221.93,1.692,0.926,0.589,HIGH,0.1,0.0
222.0,1.69,0.926,0.589,HIGH,0.1,0.0
222.13,1.69,0.926,0.589,HIGH,0.1,0.0
222.23,1.688,0.926,0.589,HIGH,0.1,0.0
222.4,1.688,0.926,0.589,HIGH,0.1,0.0
222.41,1.688,0.926,0.589,HIGH,0.1,0.0
222.53,1.688,0.926,0.589,HIGH,0.1,0.0
222.63,1.686,0.926,0.589,HIGH,0.1,0.0
222.74,1.686,0.926,0.589,HIGH,0.1,0.0
222.82,1.684,0.926,0.589,HIGH,0.1,0.0
222.94,1.684,0.926,0.589,HIGH,0.1,0.0
223.1,1.684,0.926,0.589,HIGH,0.1,0.0
223.12,1.684,0.926,0.589,HIGH,0.1,0.0
223.24,1.682,0.926,0.589,HIGH,0.1,0.0
223.31,1.682,0.926,0.589,HIGH,0.1,0.0
223.37,1.682,0.926,0.589,HIGH,0.1,0.0
223.5,1.68,0.926,0.589,HIGH,0.1,0.0
223.66,1.678,0.926,0.589,HIGH,0.1,0.0
223.68,1.678,0.926,0.589,HIGH,0.1,0.0
223.79,1.674,0.926,0.589,HIGH,0.1,0.0
223.97,1.674,0.926,0.589,HIGH,0.1,0.0
224.09,1.674,0.926,0.589,HIGH,0.1,0.0
224.11,1.672,0.926,0.589,HIGH,0.1,0.0
224.25,1.672,0.926,0.589,HIGH,0.1,0.0
224.37,1.67,0.926,0.589,HIGH,0.1,0.0
224.49,1.67,0.926,0.589,HIGH,0.1,0.0
224.51,1.67,0.919,0.572,HIGH,0.1,0.0
224.6,1.668,0.919,0.572,HIGH,0.1,0.0
224.69,1.668,0.919,0.572,HIGH,0.1,0.0
224.8,1.666,0.919,0.572,HIGH,0.1,0.0
224.89,1.666,0.919,0.572,HIGH,0.1,0.0
225.04,1.664,0.919,0.572,HIGH,0.1,0.0
225.09,1.664,0.919,0.572,HIGH,0.1,0.0
225.25,1.662,0.919,0.572,HIGH,0.1,0.0
225.31,1.662,0.919,0.572,HIGH,0.1,0.0
225.39,1.66,0.919,0.572,HIGH,0.1,0.0
225.49,1.66,0.919,0.572,HIGH,0.1,0.0
225.66,1.658,0.919,0.572,HIGH,0.1,0.0
225.76,1.658,0.919,0.572,HIGH,0.1,0.0
225.81,1.658,0.919,0.572,HIGH,0.1,0.0
225.95,1.656,0.919,0.572,HIGH,0.1,0.0
226.04,1.656,0.919,0.572,HIGH,0.1,0.0
226.14,1.656,0.919,0.572,HIGH,0.1,0.0
226.2,1.654,0.919,0.572,HIGH,0.1,0.0
226.31,1.654,0.919,0.572,HIGH,0.1,0.0
226.41,1.652,0.916,0.557,HIGH,0.1,0.0
226.49,1.652,0.916,0.557,HIGH,0.1,0.0
226.6,1.65,0.916,0.557,HIGH,0.1,0.0
226.71,1.648,0.916,0.557,HIGH,0.1,0.0
226.82,1.648,0.916,0.557,HIGH,0.1,0.0
226.99,1.646,0.916,0.557,HIGH,0.1,0.0
227.02,1.646,0.916,0.557,HIGH,0.1,0.0
227.08,1.644,0.916,0.557,HIGH,0.1,0.0
227.26,1.644,0.916,0.557,HIGH,0.1,0.0
227.29,1.644,0.916,0.557,HIGH,0.1,0.0
227.46,1.642,0.916,0.557,HIGH,0.1,0.0
227.52,1.642,0.916,0.557,HIGH,0.1,0.0
227.62,1.642,0.916,0.557,HIGH,0.1,0.0
227.72,1.642,0.916,0.557,HIGH,0.1,0.0
227.8,1.64,0.916,0.557,HIGH,0.1,0.0
227.91,1.64,0.916,0.557,HIGH,0.1,0.0
228.02,1.64,0.916,0.557,HIGH,0.1,0.0
228.11,1.638,0.916,0.557,HIGH,0.1,0.0
228.32,1.638,0.916,0.557,HIGH,0.1,0.0
228.38,1.638,0.916,0.557,HIGH,0.1,0.0
228.4,1.636,0.916,0.557,HIGH,0.1,0.0
228.56,1.636,0.916,0.557,HIGH,0.1,0.0
228.59,1.636,0.916,0.557,HIGH,0.1,0.0
228.7,1.634,0.916,0.557,HIGH,0.1,0.0
228.8,1.634,0.916,0.557,HIGH,0.1,0.0
228.88,1.632,0.886,0.528,HIGH,0.1,0.0
229.0,1.632,0.886,0.528,HIGH,0.1,0.0
229.1,1.632,0.886,0.528,HIGH,0.1,0.0
229.21,1.63,0.886,0.528,HIGH,0.1,0.0
229.37,1.63,0.886,0.528,HIGH,0.1,0.0
229.39,1.63,0.886,0.528,HIGH,0.1,0.0
229.53,1.63,0.886,0.528,HIGH,0.1,0.0
229.58,1.63,0.886,0.528,HIGH,0.1,0.0
229.73,1.628,0.886,0.528,HIGH,0.1,0.0
229.86,1.628,0.886,0.528,HIGH,0.1,0.0
229.87,1.628,0.886,0.528,HIGH,0.1,0.0
229.99,1.628,0.886,0.528,HIGH,0.1,0.0
230.08,1.628,0.886,0.528,HIGH,0.1,0.0
230.2,1.626,0.886,0.528,HIGH,0.1,0.0
230.28,1.626,0.886,0.528,HIGH,0.1,0.0
230.38,1.626,0.886,0.528,HIGH,0.1,0.0
230.53,1.624,0.886,0.528,HIGH,0.1,0.0
230.63,1.624,0.886,0.528,HIGH,0.1,0.0
230.82,1.624,0.886,0.528,HIGH,0.1,0.0
230.84,1.624,0.886,0.528,HIGH,0.1,0.0
230.97,1.624,0.886,0.528,HIGH,0.1,0.0
231.03,1.624,0.886,0.528,HIGH,0.1,0.0
231.13,1.622,0.886,0.528,HIGH,0.1,0.0
231.22,1.622,0.886,0.528,HIGH,0.1,0.0
231.3,1.62,0.886,0.528,HIGH,0.1,0.0
231.51,1.62,0.886,0.528,HIGH,0.1,0.0
231.59,1.62,0.886,0.528,HIGH,0.1,0.0
231.66,1.62,0.886,0.528,HIGH,0.1,0.0
231.67,1.62,0.886,0.528,HIGH,0.1,0.0
231.83,1.618,0.886,0.528,HIGH,0.1,0.0
231.91,1.616,0.886,0.528,HIGH,0.1,0.0
231.98,1.616,0.886,0.528,HIGH,0.1,0.0
232.17,1.616,0.886,0.528,HIGH,0.1,0.0
232.28,1.616,0.886,0.528,HIGH,0.1,0.0
232.41,1.616,0.886,0.528,HIGH,0.1,0.0
232.49,1.614,0.886,0.528,HIGH,0.1,0.0
232.51,1.614,0.886,0.528,HIGH,0.1,0.0
232.59,1.614,0.886,0.528,HIGH,0.1,0.0
232.7,1.612,0.886,0.528,HIGH,0.1,0.0
232.81,1.612,0.886,0.528,HIGH,0.1,0.0
232.88,1.61,0.886,0.528,HIGH,0.1,0.0
232.98,1.61,0.9,0.523,HIGH,0.1,0.0
233.13,1.608,0.9,0.523,HIGH,0.1,0.0
233.19,1.608,0.9,0.523,HIGH,0.1,0.0
233.29,1.608,0.9,0.523,HIGH,0.1,0.0
233.41,1.606,0.9,0.523,HIGH,0.1,0.0
233.49,1.606,0.9,0.523,HIGH,0.1,0.0
233.66,1.604,0.9,0.523,HIGH,0.1,0.0
233.67,1.604,0.9,0.523,HIGH,0.1,0.0
233.83,1.602,0.9,0.523,HIGH,0.1,0.0
233.89,1.6,0.9,0.523,HIGH,0.1,0.0
233.98,1.598,0.9,0.523,HIGH,0.1,0.0
234.16,1.596,0.9,0.523,HIGH,0.1,0.0
234.31,1.594,0.9,0.523,HIGH,0.1,0.0
234.32,1.594,0.9,0.523,HIGH,0.1,0.0
234.43,1.592,0.9,0.523,HIGH,0.1,0.0
234.5,1.592,0.9,0.523,HIGH,0.1,0.0
234.62,1.592,0.9,0.523,HIGH,0.1,0.0
234.72,1.59,0.9,0.523,HIGH,0.1,0.0
234.85,1.59,0.866,0.523,HIGH,0.1,0.0
234.89,1.59,0.866,0.49,HIGH,0.1,0.0
235.03,1.59,0.866,0.49,HIGH,0.1,0.0
235.19,1.59,0.866,0.49,HIGH,0.1,0.0
235.27,1.59,0.866,0.49,HIGH,0.1,0.0
235.44,1.588,0.866,0.49,HIGH,0.1,0.0
235.44,1.588,0.866,0.49,HIGH,0.1,0.0
235.57,1.586,0.866,0.49,HIGH,0.1,0.0
235.57,1.586,0.866,0.49,HIGH,0.1,0.0
235.74,1.584,0.866,0.49,HIGH,0.1,0.0
235.88,1.584,0.866,0.49,HIGH,0.1,0.0
235.94,1.584,0.866,0.49,HIGH,0.1,0.0
236.06,1.584,0.866,0.49,HIGH,0.1,0.0
236.11,1.584,0.866,0.49,HIGH,0.1,0.0
236.2,1.582,0.866,0.49,HIGH,0.1,0.0
236.31,1.582,0.866,0.49,HIGH,0.1,0.0
236.46,1.58,0.866,0.49,HIGH,0.1,0.0
236.51,1.58,0.866,0.49,HIGH,0.1,0.0
236.62,1.58,0.866,0.49,HIGH,0.1,0.0
236.7,1.578,0.866,0.49,HIGH,0.1,0.0
236.82,1.578,0.866,0.49,HIGH,0.1,0.0
236.93,1.578,0.866,0.49,HIGH,0.1,0.0
236.97,1.576,0.866,0.49,HIGH,0.1,0.0
237.08,1.576,0.866,0.49,HIGH,0.1,0.0
237.18,1.574,0.866,0.49,HIGH,0.1,0.0
237.41,1.574,0.866,0.49,HIGH,0.1,0.0
237.46,1.574,0.866,0.49,HIGH,0.1,0.0
237.48,1.574,0.866,0.49,HIGH,0.1,0.0
237.66,1.572,0.879,0.482,HIGH,0.1,0.0
237.68,1.572,0.879,0.482,HIGH,0.1,0.0
237.84,1.572,0.879,0.482,HIGH,0.1,0.0
237.91,1.572,0.879,0.482,HIGH,0.1,0.0
238.05,1.57,0.879,0.482,HIGH,0.1,0.0
238.15,1.57,0.879,0.482,HIGH,0.1,0.0
238.21,1.568,0.879,0.482,HIGH,0.1,0.0
238.33,1.568,0.879,0.482,HIGH,0.1,0.0
238.37,1.568,0.879,0.482,HIGH,0.1,0.0
238.5,1.566,0.879,0.482,HIGH,0.1,0.0
238.67,1.566,0.879,0.482,HIGH,0.1,0.0
238.71,1.566,0.879,0.482,HIGH,0.1,0.0
238.88,1.564,0.879,0.482,HIGH,0.1,0.0
238.89,1.564,0.879,0.482,HIGH,0.1,0.0
239.02,1.564,0.879,0.482,HIGH,0.1,0.0
239.16,1.56,0.879,0.482,HIGH,0.1,0.0
239.24,1.56,0.879,0.482,HIGH,0.1,0.0
239.4,1.556,0.879,0.482,HIGH,0.1,0.0
239.51,1.556,0.879,0.482,HIGH,0.1,0.0
239.58,1.554,0.879,0.482,HIGH,0.1,0.0
239.65,1.552,0.879,0.482,HIGH,0.1,0.0
239.73,1.55,0.879,0.482,HIGH,0.1,0.0
239.88,1.548,0.879,0.482,HIGH,0.1,0.0
239.94,1.548,0.879,0.482,HIGH,0.1,0.0
240.01,1.546,0.879,0.482,HIGH,0.1,0.0
240.11,1.546,0.871,0.481,HIGH,0.1,0.0
240.21,1.546,0.871,0.481,HIGH,0.1,0.0
240.32,1.544,0.871,0.481,HIGH,0.1,0.0
240.45,1.544,0.871,0.481,HIGH,0.1,0.0
240.53,1.544,0.871,0.481,HIGH,0.1,0.0
240.59,1.542,0.871,0.481,HIGH,0.1,0.0
240.68,1.54,0.871,0.481,HIGH,0.1,0.0
240.86,1.54,0.871,0.481,HIGH,0.1,0.0
240.88,1.54,0.871,0.481,HIGH,0.1,0.0
241.02,1.538,0.871,0.481,HIGH,0.1,0.0
241.11,1.536,0.871,0.481,HIGH,0.1,0.0
241.23,1.536,0.871,0.481,HIGH,0.1,0.0
241.32,1.536,0.871,0.481,HIGH,0.1,0.0
241.46,1.536,0.871,0.481,HIGH,0.1,0.0
241.5,1.536,0.871,0.481,HIGH,0.1,0.0
241.62,1.532,0.871,0.481,HIGH,0.1,0.0
241.7,1.532,0.871,0.481,HIGH,0.1,0.0
241.78,1.53,0.856,0.439,HIGH,0.1,0.0
241.93,1.528,0.856,0.439,HIGH,0.1,0.0
242.01,1.528,0.856,0.439,HIGH,0.1,0.0
242.16,1.528,0.856,0.439,HIGH,0.1,0.0
242.21,1.528,0.856,0.439,HIGH,0.1,0.0
242.37,1.526,0.856,0.439,HIGH,0.1,0.0
242.45,1.526,0.856,0.439,HIGH,0.1,0.0
242.54,1.524,0.856,0.439,HIGH,0.1,0.0
242.59,1.524,0.856,0.439,HIGH,0.1,0.0
242.68,1.522,0.856,0.439,HIGH,0.1,0.0
242.81,1.522,0.856,0.439,HIGH,0.1,0.0
242.9,1.522,0.856,0.439,HIGH,0.1,0.0
242.98,1.52,0.856,0.439,HIGH,0.1,0.0
243.11,1.52,0.856,0.439,HIGH,0.1,0.0
243.21,1.52,0.856,0.439,HIGH,0.1,0.0
243.28,1.518,0.856,0.439,HIGH,0.1,0.0
243.42,1.518,0.856,0.439,HIGH,0.1,0.0
243.5,1.516,0.856,0.439,HIGH,0.1,0.0
243.66,1.516,0.856,0.439,HIGH,0.1,0.0
243.73,1.516,0.856,0.439,HIGH,0.1,0.0
243.9,1.514,0.856,0.439,HIGH,0.1,0.0
243.97,1.514,0.856,0.439,HIGH,0.1,0.0
243.99,1.514,0.856,0.439,HIGH,0.1,0.0
244.12,1.512,0.856,0.439,HIGH,0.1,0.0
244.19,1.512,0.871,0.411,HIGH,0.1,0.0
244.28,1.51,0.871,0.411,HIGH,0.1,0.0
244.42,1.51,0.871,0.411,HIGH,0.1,0.0
244.5,1.51,0.871,0.411,HIGH,0.1,0.0
244.63,1.508,0.871,0.411,HIGH,0.1,0.0
244.69,1.508,0.871,0.411,HIGH,0.1,0.0
244.81,1.506,0.871,0.411,HIGH,0.1,0.0
244.9,1.506,0.871,0.411,HIGH,0.1,0.0
245.02,1.504,0.871,0.411,HIGH,0.1,0.0
245.16,1.504,0.871,0.411,HIGH,0.1,0.0
245.23,1.504,0.871,0.411,HIGH,0.1,0.0
245.37,1.502,0.871,0.411,HIGH,0.1,0.0
245.42,1.502,0.871,0.411,HIGH,0.1,0.0
245.5,1.502,0.871,0.411,HIGH,0.1,0.0
245.72,1.5,0.871,0.411,HIGH,0.1,0.0
245.87,1.5,0.871,0.411,HIGH,0.1,0.0
245.88,1.5,0.871,0.411,HIGH,0.1,0.0
246.06,1.498,0.871,0.411,HIGH,0.1,0.0
246.09,1.498,0.871,0.411,HIGH,0.1,0.0
246.23,1.498,0.871,0.411,HIGH,0.1,0.0
246.39,1.496,0.871,0.411,HIGH,0.1,0.0
246.58,1.496,0.871,0.411,HIGH,0.1,0.0
246.71,1.496,0.871,0.411,HIGH,0.1,0.0
246.77,1.494,0.871,0.411,HIGH,0.1,0.0
246.85,1.494,0.871,0.411,HIGH,0.1,0.0
246.91,1.494,0.871,0.411,HIGH,0.1,0.0
247.04,1.492,0.871,0.411,HIGH,0.1,0.0
247.12,1.492,0.871,0.411,HIGH,0.1,0.0
247.2,1.49,0.871,0.411,HIGH,0.1,0.0
247.31,1.488,1.966,0.411,HIGH,0.1,0.0
247.45,1.486,1.966,0.385,HIGH,0.1,0.0
247.5,1.486,1.966,0.385,HIGH,0.1,0.0
247.57,1.484,1.966,0.385,HIGH,0.1,0.0
247.74,1.484,1.966,0.385,HIGH,0.1,0.0
247.81,1.482,1.966,0.385,HIGH,0.1,0.0
247.95,1.48,1.966,0.385,HIGH,0.1,0.0
248.13,1.48,1.966,0.385,HIGH,0.1,0.0
248.25,1.48,1.966,0.385,HIGH,0.1,0.0
248.31,1.48,1.966,0.385,HIGH,0.1,0.0
248.38,1.478,1.966,0.385,HIGH,0.1,0.0
248.42,1.478,1.966,0.385,HIGH,0.1,0.0
248.51,1.478,1.966,0.385,HIGH,0.1,0.0
248.59,1.476,1.966,0.385,HIGH,0.1,0.0
248.73,1.476,1.966,0.385,HIGH,0.1,0.0
248.86,1.474,1.966,0.385,HIGH,0.1,0.0
248.9,1.474,1.966,0.385,HIGH,0.1,0.0
249.0,1.474,1.966,0.385,HIGH,0.1,0.0
249.07,1.474,1.966,0.385,HIGH,0.1,0.0
249.23,1.472,1.966,0.385,HIGH,0.1,0.0
249.34,1.47,1.966,0.385,HIGH,0.1,0.0
249.4,1.47,1.966,0.385,HIGH,0.1,0.0
249.5,1.47,1.959,0.355,HIGH,0.1,0.0
249.59,1.47,1.959,0.355,HIGH,0.1,0.0
249.7,1.468,1.959,0.355,HIGH,0.1,0.0
249.83,1.468,1.959,0.355,HIGH,0.1,0.0
249.9,1.466,1.959,0.355,HIGH,0.1,0.0
250.03,1.466,1.959,0.355,HIGH,0.1,0.0
250.17,1.466,1.959,0.355,HIGH,0.1,0.0
250.22,1.466,1.959,0.355,HIGH,0.1,0.0
250.31,1.464,1.959,0.355,HIGH,0.1,0.0
250.38,1.464,1.959,0.355,HIGH,0.1,0.0
250.48,1.462,1.959,0.355,HIGH,0.1,0.0
250.64,1.46,1.959,0.355,HIGH,0.1,0.0
250.72,1.46,1.959,0.355,HIGH,0.1,0.0
250.8,1.46,1.959,0.355,HIGH,0.1,0.0
250.9,1.458,1.959,0.355,HIGH,0.1,0.0
251.03,1.458,1.959,0.355,HIGH,0.1,0.0
251.12,1.456,1.959,0.355,HIGH,0.1,0.0
251.18,1.456,1.959,0.355,HIGH,0.1,0.0
251.33,1.454,1.959,0.355,HIGH,0.1,0.0
251.45,1.454,1.959,0.355,HIGH,0.1,0.0
251.54,1.454,1.959,0.355,HIGH,0.1,0.0
251.69,1.452,1.959,0.355,HIGH,0.1,0.0
251.72,1.452,1.959,0.355,HIGH,0.1,0.0
251.85,1.45,1.934,0.349,HIGH,0.1,0.0
251.89,1.45,1.934,0.349,HIGH,0.1,0.0
252.01,1.45,1.934,0.349,HIGH,0.1,0.0
252.16,1.448,1.934,0.349,HIGH,0.1,0.0
252.26,1.448,1.934,0.349,HIGH,0.1,0.0
252.31,1.448,1.934,0.349,HIGH,0.1,0.0
252.39,1.448,1.934,0.349,HIGH,0.1,0.0
252.53,1.448,1.934,0.349,HIGH,0.1,0.0
252.66,1.446,1.934,0.349,HIGH,0.1,0.0
252.71,1.446,1.934,0.349,HIGH,0.1,0.0
252.87,1.444,1.934,0.349,HIGH,0.1,0.0
252.9,1.444,1.934,0.349,HIGH,0.1,0.0
252.97,1.444,1.934,0.349,HIGH,0.1,0.0
253.09,1.444,1.934,0.349,HIGH,0.1,0.0
253.26,1.444,1.934,0.349,HIGH,0.1,0.0
253.41,1.444,1.934,0.349,HIGH,0.1,0.0
253.52,1.442,1.934,0.349,HIGH,0.1,0.0
253.59,1.442,1.934,0.349,HIGH,0.1,0.0
253.68,1.44,1.934,0.349,HIGH,0.1,0.0
253.75,1.44,1.934,0.349,HIGH,0.1,0.0
253.8,1.44,1.934,0.349,HIGH,0.1,0.0
254.0,1.438,1.934,0.349,HIGH,0.1,0.0
254.12,1.438,1.934,0.349,HIGH,0.1,0.0
254.19,1.438,1.934,0.349,HIGH,0.1,0.0
254.21,1.438,1.934,0.349,HIGH,0.1,0.0
254.3,1.438,1.934,0.349,HIGH,0.1,0.0
254.41,1.436,1.934,0.349,HIGH,0.1,0.0
254.54,1.436,1.934,0.349,HIGH,0.1,0.0
254.61,1.434,1.934,0.349,HIGH,0.1,0.0
254.74,1.434,1.934,0.349,HIGH,0.1,0.0
254.79,1.432,1.934,0.349,HIGH,0.1,0.0
254.95,1.432,1.934,0.349,HIGH,0.1,0.0
255.03,1.432,1.934,0.349,HIGH,0.1,0.0
255.2,1.432,1.934,0.349,HIGH,0.1,0.0
255.21,1.432,1.934,0.349,HIGH,0.1,0.0
255.38,1.43,1.922,0.349,HIGH,0.1,0.0
255.4,1.43,1.922,0.349,HIGH,0.1,0.0
255.51,1.43,1.922,0.345,HIGH,0.1,0.0
255.58,1.43,1.922,0.345,HIGH,0.1,0.0
255.69,1.428,1.922,0.345,HIGH,0.1,0.0
255.82,1.428,1.922,0.345,HIGH,0.1,0.0
255.88,1.428,1.922,0.345,HIGH,0.1,0.0
256.01,1.428,1.922,0.345,HIGH,0.1,0.0
256.13,1.428,1.922,0.345,HIGH,0.1,0.0
256.18,1.426,1.922,0.345,HIGH,0.1,0.0
256.33,1.426,1.922,0.345,HIGH,0.1,0.0
256.39,1.424,1.922,0.345,HIGH,0.1,0.0
256.55,1.424,1.922,0.345,HIGH,0.1,0.0
256.6,1.422,1.922,0.345,HIGH,0.1,0.0
256.71,1.422,1.922,0.345,HIGH,0.1,0.0
256.88,1.42,1.922,0.345,HIGH,0.1,0.0
256.96,1.42,1.922,0.345,HIGH,0.1,0.0
256.97,1.42,1.922,0.345,HIGH,0.1,0.0
257.17,1.418,1.922,0.345,HIGH,0.1,0.0
257.19,1.418,1.922,0.345,HIGH,0.1,0.0
257.33,1.418,1.922,0.345,HIGH,0.1,0.0
257.52,1.418,1.922,0.345,HIGH,0.1,0.0
257.58,1.418,1.922,0.345,HIGH,0.1,0.0
257.59,1.416,1.922,0.345,HIGH,0.1,0.0
257.71,1.416,1.922,0.345,HIGH,0.1,0.0
257.81,1.416,1.922,0.345,HIGH,0.1,0.0
257.96,1.414,1.922,0.345,HIGH,0.1,0.0
258.02,1.414,1.922,0.345,HIGH,0.1,0.0
258.1,1.414,1.922,0.345,HIGH,0.1,0.0
258.18,1.414,1.922,0.345,HIGH,0.1,0.0
258.35,1.414,1.922,0.345,HIGH,0.1,0.0
258.41,1.412,1.922,0.345,HIGH,0.1,0.0
258.57,1.412,1.922,0.345,HIGH,0.1,0.0
258.7,1.412,1.922,0.345,HIGH,0.1,0.0
258.75,1.412,1.922,0.345,HIGH,0.1,0.0
258.85,1.412,1.923,0.309,HIGH,0.1,0.0
258.96,1.41,1.923,0.309,HIGH,0.1,0.0
258.97,1.41,1.923,0.309,HIGH,0.1,0.0
259.18,1.41,1.923,0.309,HIGH,0.1,0.0
259.35,1.41,1.923,0.309,HIGH,0.1,0.0
259.45,1.41,1.923,0.309,HIGH,0.1,0.0
259.53,1.41,1.923,0.309,HIGH,0.1,0.0
259.6,1.408,1.923,0.309,HIGH,0.1,0.0
259.79,1.408,1.923,0.309,HIGH,0.1,0.0
259.81,1.408,1.923,0.309,HIGH,0.1,0.0
259.89,1.406,1.923,0.309,HIGH,0.1,0.0
260.06,1.406,1.923,0.309,HIGH,0.1,0.0
260.19,1.406,1.923,0.309,HIGH,0.1,0.0
260.25,1.404,1.923,0.309,HIGH,0.1,0.0
260.33,1.404,1.923,0.309,HIGH,0.1,0.0
260.5,1.402,1.923,0.309,HIGH,0.1,0.0
260.64,1.402,1.923,0.309,HIGH,0.1,0.0
260.84,1.402,1.923,0.309,HIGH,0.1,0.0
260.89,1.402,1.923,0.309,HIGH,0.1,0.0
261.0,1.402,1.923,0.309,HIGH,0.1,0.0
261.08,1.4,1.923,0.309,HIGH,0.1,0.0
261.21,1.4,1.923,0.309,HIGH,0.1,0.0
261.27,1.4,1.923,0.309,HIGH,0.1,0.0
261.3,1.398,1.923,0.309,HIGH,0.1,0.0
261.53,1.398,1.923,0.309,HIGH,0.1,0.0
261.57,1.398,1.923,0.309,HIGH,0.1,0.0
261.63,1.396,1.923,0.309,HIGH,0.1,0.0
261.69,1.396,1.923,0.309,HIGH,0.1,0.0
261.8,1.396,1.923,0.309,HIGH,0.1,0.0
261.89,1.394,1.923,0.309,HIGH,0.1,0.0
262.07,1.392,1.923,0.309,HIGH,0.1,0.0
262.21,1.392,1.923,0.309,HIGH,0.1,0.0
262.34,1.392,1.923,0.309,HIGH,0.1,0.0
262.43,1.392,1.923,0.309,HIGH,0.1,0.0
262.58,1.392,1.909,0.267,MEDIUM,0.15,0.0
262.71,1.39,1.909,0.267,MEDIUM,0.15,0.0
262.73,1.39,1.909,0.267,MEDIUM,0.15,0.0
262.8,1.388,1.909,0.267,MEDIUM,0.15,0.0
262.95,1.386,1.909,0.267,MEDIUM,0.15,0.0
262.98,1.386,1.909,0.267,MEDIUM,0.15,0.0
263.19,1.386,1.909,0.267,MEDIUM,0.15,0.0
263.29,1.386,1.909,0.267,MEDIUM,0.15,0.0
263.38,1.383,1.909,0.267,MEDIUM,0.15,0.0
263.39,1.383,1.909,0.267,MEDIUM,0.15,0.0
263.57,1.383,1.909,0.267,MEDIUM,0.15,0.0
263.61,1.383,1.909,0.267,MEDIUM,0.15,0.0
263.72,1.38,1.909,0.267,MEDIUM,0.15,0.0
263.87,1.38,1.909,0.267,MEDIUM,0.15,0.0
263.88,1.38,1.909,0.267,MEDIUM,0.15,0.0
264.04,1.38,1.909,0.267,MEDIUM,0.15,0.0
264.11,1.38,1.909,0.267,MEDIUM,0.15,0.0
264.23,1.377,1.909,0.267,MEDIUM,0.15,0.0
264.33,1.377,1.909,0.267,MEDIUM,0.15,0.0
264.37,1.374,1.909,0.267,MEDIUM,0.15,0.0
264.49,1.374,1.909,0.267,MEDIUM,0.15,0.0
264.62,1.371,1.909,0.267,MEDIUM,0.15,0.0
264.77,1.371,1.909,0.267,MEDIUM,0.15,0.0
265.01,1.371,1.909,0.267,MEDIUM,0.15,0.0
265.12,1.368,1.909,0.267,MEDIUM,0.15,0.0
265.15,1.368,1.909,0.267,MEDIUM,0.15,0.0
265.21,1.368,1.87,0.259,MEDIUM,0.15,0.0
265.31,1.365,1.87,0.259,MEDIUM,0.15,0.0
265.42,1.365,1.87,0.259,MEDIUM,0.15,0.0
265.58,1.365,1.87,0.259,MEDIUM,0.15,0.0
265.65,1.365,1.87,0.259,MEDIUM,0.15,0.0
265.71,1.362,1.87,0.259,MEDIUM,0.15,0.0
265.77,1.362,1.87,0.259,MEDIUM,0.15,0.0
265.92,1.362,1.87,0.259,MEDIUM,0.15,0.0
266.09,1.359,1.87,0.259,MEDIUM,0.15,0.0
266.11,1.359,1.87,0.259,MEDIUM,0.15,0.0
266.25,1.359,1.87,0.259,MEDIUM,0.15,0.0
266.39,1.359,1.87,0.259,MEDIUM,0.15,0.0
266.45,1.359,1.87,0.259,MEDIUM,0.15,0.0
266.53,1.356,1.87,0.259,MEDIUM,0.15,0.0
266.64,1.356,1.87,0.259,MEDIUM,0.15,0.0
266.7,1.356,1.87,0.259,MEDIUM,0.15,0.0
266.78,1.356,1.87,0.259,MEDIUM,0.15,0.0
266.88,1.356,1.87,0.259,MEDIUM,0.15,0.0
267.06,1.353,1.87,0.259,MEDIUM,0.15,0.0
267.17,1.353,1.87,0.259,MEDIUM,0.15,0.0
267.28,1.35,1.87,0.259,MEDIUM,0.15,0.0
267.34,1.35,1.87,0.259,MEDIUM,0.15,0.0
267.41,1.347,1.87,0.259,MEDIUM,0.15,0.0
267.51,1.344,1.87,0.259,MEDIUM,0.15,0.0
267.65,1.341,1.87,0.259,MEDIUM,0.15,0.0
267.67,1.341,1.87,0.259,MEDIUM,0.15,0.0
267.8,1.341,1.87,0.259,MEDIUM,0.15,0.0
267.93,1.338,1.87,0.259,MEDIUM,0.15,0.0
268.0,1.338,1.87,0.259,MEDIUM,0.15,0.0
268.09,1.338,1.87,0.259,MEDIUM,0.15,0.0
268.26,1.335,1.87,0.259,MEDIUM,0.15,0.0
268.42,1.335,1.87,0.259,MEDIUM,0.15,0.0
268.47,1.335,1.87,0.259,MEDIUM,0.15,0.0
268.48,1.335,1.846,0.137,MEDIUM,0.15,0.0
268.62,1.335,1.846,0.137,MEDIUM,0.15,0.0
268.81,1.332,1.846,0.137,MEDIUM,0.15,0.0
268.91,1.332,1.846,0.137,MEDIUM,0.15,0.0
268.99,1.332,1.846,0.137,MEDIUM,0.15,0.0
269.05,1.332,1.846,0.137,MEDIUM,0.15,0.0
269.17,1.329,1.846,0.137,MEDIUM,0.15,0.0
269.2,1.329,1.846,0.137,MEDIUM,0.15,0.0
269.33,1.329,1.846,0.137,MEDIUM,0.15,0.0
269.47,1.329,1.846,0.137,MEDIUM,0.15,0.0
269.51,1.329,1.846,0.137,MEDIUM,0.15,0.0
269.57,1.329,1.846,0.137,MEDIUM,0.15,0.0
269.69,1.326,1.846,0.137,MEDIUM,0.15,0.0
269.84,1.326,1.846,0.137,MEDIUM,0.15,0.0
269.9,1.326,1.846,0.137,MEDIUM,0.15,0.0
270.05,1.324,1.846,0.137,MEDIUM,0.15,0.0
270.09,1.324,1.846,0.137,MEDIUM,0.15,0.0
270.22,1.324,1.846,0.137,MEDIUM,0.15,0.0
270.29,1.321,1.846,0.137,MEDIUM,0.15,0.0
270.47,1.321,1.846,0.137,MEDIUM,0.15,0.0
270.54,1.321,1.846,0.137,MEDIUM,0.15,0.0
270.61,1.318,1.846,0.137,MEDIUM,0.15,0.0
270.73,1.318,1.846,0.137,MEDIUM,0.15,0.0
270.91,1.315,1.846,0.137,MEDIUM,0.15,0.0
270.99,1.315,1.846,0.137,MEDIUM,0.15,0.0
271.06,1.315,1.846,0.137,MEDIUM,0.15,0.0
271.11,1.312,1.846,0.137,MEDIUM,0.15,0.0
271.25,1.312,1.846,0.137,MEDIUM,0.15,0.0
271.31,1.312,1.846,0.137,MEDIUM,0.15,0.0
271.41,1.309,1.846,0.137,MEDIUM,0.15,0.0
271.49,1.309,1.846,0.137,MEDIUM,0.15,0.0
271.67,1.309,1.846,0.137,MEDIUM,0.15,0.0
271.75,1.309,1.846,0.137,MEDIUM,0.15,0.0
271.84,1.306,1.846,0.137,MEDIUM,0.15,0.0
271.9,1.306,1.846,0.137,MEDIUM,0.15,0.0
272.02,1.306,1.814,0.135,MEDIUM,0.15,0.0
272.1,1.303,1.814,0.135,MEDIUM,0.15,0.0
272.22,1.303,1.814,0.135,MEDIUM,0.15,0.0
272.39,1.303,1.814,0.135,MEDIUM,0.15,0.0
272.48,1.303,1.814,0.135,MEDIUM,0.15,0.0
272.52,1.303,1.814,0.135,MEDIUM,0.15,0.0
272.76,1.3,1.814,0.135,MEDIUM,0.15,0.0
272.86,1.3,1.814,0.135,MEDIUM,0.15,0.0
272.92,1.297,1.814,0.135,MEDIUM,0.15,0.0
272.99,1.294,1.814,0.135,MEDIUM,0.15,0.0
273.14,1.291,1.814,0.135,MEDIUM,0.15,0.0
273.24,1.291,1.814,0.135,MEDIUM,0.15,0.0
273.29,1.291,1.814,0.135,MEDIUM,0.15,0.0
273.45,1.288,1.814,0.135,MEDIUM,0.15,0.0
273.51,1.288,1.814,0.135,MEDIUM,0.15,0.0
273.71,1.288,1.814,0.135,MEDIUM,0.15,0.0
273.87,1.288,1.814,0.135,MEDIUM,0.15,0.0
273.89,1.285,1.814,0.135,MEDIUM,0.15,0.0
274.03,1.285,1.814,0.135,MEDIUM,0.15,0.0
274.16,1.285,1.814,0.135,MEDIUM,0.15,0.0
274.19,1.285,1.814,0.135,MEDIUM,0.15,0.0
274.3,1.282,1.814,0.135,MEDIUM,0.15,0.0
274.4,1.282,1.814,0.135,MEDIUM,0.15,0.0
274.47,1.282,1.814,0.135,MEDIUM,0.15,0.0
274.62,1.282,1.814,0.135,MEDIUM,0.15,0.0
274.7,1.279,1.814,0.135,MEDIUM,0.15,0.0
274.81,1.279,1.814,0.135,MEDIUM,0.15,0.0
274.9,1.276,1.814,0.135,MEDIUM,0.15,0.0
275.0,1.276,1.814,0.135,MEDIUM,0.15,0.0
275.09,1.276,1.814,0.135,MEDIUM,0.15,0.0
275.25,1.276,1.793,0.13,MEDIUM,0.15,0.0
275.39,1.276,1.793,0.13,MEDIUM,0.15,0.0
275.41,1.273,1.793,0.13,MEDIUM,0.15,0.0
275.47,1.273,1.793,0.13,MEDIUM,0.15,0.0
275.63,1.273,1.793,0.13,MEDIUM,0.15,0.0
275.68,1.27,1.793,0.13,MEDIUM,0.15,0.0
275.86,1.27,1.793,0.13,MEDIUM,0.15,0.0
275.94,1.27,1.793,0.13,MEDIUM,0.15,0.0
275.98,1.27,1.793,0.13,MEDIUM,0.15,0.0
276.08,1.267,1.793,0.13,MEDIUM,0.15,0.0
276.19,1.267,1.793,0.13,MEDIUM,0.15,0.0
276.37,1.267,1.793,0.13,MEDIUM,0.15,0.0
276.44,1.264,1.793,0.13,MEDIUM,0.15,0.0
276.51,1.264,1.793,0.13,MEDIUM,0.15,0.0
276.62,1.264,1.793,0.13,MEDIUM,0.15,0.0
276.72,1.261,1.793,0.13,MEDIUM,0.15,0.0
276.82,1.261,1.793,0.13,MEDIUM,0.15,0.0
276.94,1.258,1.793,0.13,MEDIUM,0.15,0.0
277.06,1.258,1.793,0.13,MEDIUM,0.15,0.0
277.09,1.258,1.793,0.13,MEDIUM,0.15,0.0
277.22,1.255,1.793,0.13,MEDIUM,0.15,0.0
277.33,1.255,1.793,0.13,MEDIUM,0.15,0.0
277.41,1.252,1.793,0.13,MEDIUM,0.15,0.0
277.53,1.252,1.793,0.13,MEDIUM,0.15,0.0
277.62,1.252,1.793,0.13,MEDIUM,0.15,0.0
277.68,1.252,1.793,0.13,MEDIUM,0.15,0.0
277.8,1.252,1.793,0.13,MEDIUM,0.15,0.0
277.91,1.252,1.793,0.13,MEDIUM,0.15,0.0
278.02,1.252,1.793,0.13,MEDIUM,0.15,0.0
278.11,1.249,1.793,0.13,MEDIUM,0.15,0.0
278.17,1.249,1.793,0.13,MEDIUM,0.15,0.0
278.43,1.249,1.793,0.13,MEDIUM,0.15,0.0
278.54,1.249,1.793,0.13,MEDIUM,0.15,0.0
278.66,1.246,1.793,0.13,MEDIUM,0.15,0.0
278.75,1.246,1.763,0.13,MEDIUM,0.15,0.0
278.81,1.246,1.763,0.131,MEDIUM,0.15,0.0
278.9,1.246,1.763,0.131,MEDIUM,0.15,0.0
279.0,1.243,1.763,0.131,MEDIUM,0.15,0.0
279.09,1.24,1.763,0.131,MEDIUM,0.15,0.0
279.21,1.237,1.763,0.131,MEDIUM,0.15,0.0
279.3,1.237,1.763,0.131,MEDIUM,0.15,0.0
279.41,1.234,1.763,0.131,MEDIUM,0.15,0.0
279.58,1.234,1.763,0.131,MEDIUM,0.15,0.0
279.62,1.234,1.763,0.131,MEDIUM,0.15,0.0
279.8,1.234,1.763,0.131,MEDIUM,0.15,0.0
279.81,1.234,1.763,0.131,MEDIUM,0.15,0.0
279.88,1.231,1.763,0.131,MEDIUM,0.15,0.0
279.99,1.228,1.763,0.131,MEDIUM,0.15,0.0
280.13,1.225,1.763,0.131,MEDIUM,0.15,0.0
280.27,1.225,1.763,0.131,MEDIUM,0.15,0.0
280.32,1.225,1.763,0.131,MEDIUM,0.15,0.0
280.41,1.222,1.763,0.131,MEDIUM,0.15,0.0
280.52,1.219,1.763,0.131,MEDIUM,0.15,0.0
280.66,1.219,1.763,0.131,MEDIUM,0.15,0.0
280.72,1.219,1.763,0.131,MEDIUM,0.15,0.0
280.85,1.216,1.763,0.131,MEDIUM,0.15,0.0
280.97,1.216,1.763,0.131,MEDIUM,0.15,0.0
281.06,1.216,1.763,0.131,MEDIUM,0.15,0.0
281.14,1.213,1.763,0.131,MEDIUM,0.15,0.0
281.23,1.21,1.745,0.126,MEDIUM,0.15,0.0
281.33,1.207,1.745,0.126,MEDIUM,0.15,0.0
281.39,1.207,1.745,0.126,MEDIUM,0.15,0.0
281.58,1.204,1.745,0.126,MEDIUM,0.15,0.0
281.62,1.204,1.745,0.126,MEDIUM,0.15,0.0
281.72,1.204,1.745,0.126,MEDIUM,0.15,0.0
281.87,1.201,1.745,0.126,MEDIUM,0.15,0.0
281.94,1.201,1.745,0.126,MEDIUM,0.15,0.0
282.06,1.198,1.745,0.126,MEDIUM,0.15,0.0
282.09,1.198,1.745,0.126,MEDIUM,0.15,0.0
282.19,1.198,1.745,0.126,MEDIUM,0.15,0.0
282.3,1.195,1.745,0.126,MEDIUM,0.15,0.0
282.41,1.195,1.745,0.126,MEDIUM,0.15,0.0
282.53,1.195,1.745,0.126,MEDIUM,0.15,0.0
282.61,1.195,1.745,0.126,MEDIUM,0.15,0.0
282.74,1.192,1.745,0.126,MEDIUM,0.15,0.0
282.8,1.192,1.745,0.126,MEDIUM,0.15,0.0
283.03,1.192,1.745,0.126,MEDIUM,0.15,0.0
283.12,1.189,1.745,0.126,MEDIUM,0.15,0.0
283.19,1.189,1.745,0.126,MEDIUM,0.15,0.0
283.25,1.189,1.745,0.126,MEDIUM,0.15,0.0
283.31,1.189,1.745,0.126,MEDIUM,0.15,0.0
283.46,1.186,1.721,0.123,MEDIUM,0.15,0.0
283.51,1.186,1.721,0.123,MEDIUM,0.15,0.0
283.64,1.183,1.721,0.123,MEDIUM,0.15,0.0
283.72,1.183,1.721,0.123,MEDIUM,0.15,0.0
283.8,1.183,1.721,0.123,MEDIUM,0.15,0.0
283.89,1.18,1.721,0.123,MEDIUM,0.15,0.0
284.05,1.18,1.721,0.123,MEDIUM,0.15,0.0
284.15,1.177,1.721,0.123,MEDIUM,0.15,0.0
284.23,1.177,1.721,0.123,MEDIUM,0.15,0.0
284.29,1.177,1.721,0.123,MEDIUM,0.15,0.0
284.37,1.177,1.721,0.123,MEDIUM,0.15,0.0
284.51,1.174,1.721,0.123,MEDIUM,0.15,0.0
284.62,1.174,1.721,0.123,MEDIUM,0.15,0.0
284.7,1.171,1.721,0.123,MEDIUM,0.15,0.0
284.86,1.171,1.721,0.123,MEDIUM,0.15,0.0
284.93,1.171,1.721,0.123,MEDIUM,0.15,0.0
284.98,1.168,1.721,0.123,MEDIUM,0.15,0.0
285.08,1.168,1.721,0.123,MEDIUM,0.15,0.0
285.17,1.165,1.721,0.123,MEDIUM,0.15,0.0
285.28,1.162,1.721,0.123,MEDIUM,0.15,0.0
285.41,1.162,1.721,0.123,MEDIUM,0.15,0.0
285.5,1.159,1.721,0.123,MEDIUM,0.15,0.0
285.61,1.159,1.721,0.123,MEDIUM,0.15,0.0
285.77,1.156,1.721,0.123,MEDIUM,0.15,0.0
285.83,1.156,1.721,0.123,MEDIUM,0.15,0.0
285.97,1.153,1.721,0.123,MEDIUM,0.15,0.0
286.0,1.153,1.721,0.123,MEDIUM,0.15,0.0
286.19,1.153,1.689,0.123,MEDIUM,0.15,0.0
286.32,1.153,1.689,0.123,MEDIUM,0.15,0.0
286.45,1.15,1.689,0.121,MEDIUM,0.15,0.0
286.49,1.15,1.689,0.121,MEDIUM,0.15,0.0
286.49,1.15,1.689,0.121,MEDIUM,0.15,0.0
286.59,1.147,1.689,0.121,MEDIUM,0.15,0.0
286.69,1.147,1.689,0.121,MEDIUM,0.15,0.0
286.81,1.144,1.689,0.121,MEDIUM,0.15,0.0
286.97,1.144,1.689,0.121,MEDIUM,0.15,0.0
287.03,1.144,1.689,0.121,MEDIUM,0.15,0.0
287.11,1.144,1.689,0.121,MEDIUM,0.15,0.0
287.25,1.141,1.689,0.121,MEDIUM,0.15,0.0
287.3,1.141,1.689,0.121,MEDIUM,0.15,0.0
287.42,1.141,1.689,0.121,MEDIUM,0.15,0.0
287.5,1.138,1.689,0.121,MEDIUM,0.15,0.0
287.63,1.135,1.689,0.121,MEDIUM,0.15,0.0
287.8,1.135,1.689,0.121,MEDIUM,0.15,0.0
287.9,1.135,1.689,0.121,MEDIUM,0.15,0.0
287.9,1.135,1.689,0.121,MEDIUM,0.15,0.0
287.99,1.135,1.689,0.121,MEDIUM,0.15,0.0
288.2,1.132,1.689,0.121,MEDIUM,0.15,0.0
288.24,1.132,1.689,0.121,MEDIUM,0.15,0.0
288.33,1.132,1.689,0.121,MEDIUM,0.15,0.0
288.39,1.129,1.689,0.121,MEDIUM,0.15,0.0
288.54,1.129,1.689,0.121,MEDIUM,0.15,0.0
288.66,1.129,1.689,0.121,MEDIUM,0.15,0.0
288.8,1.126,1.689,0.121,MEDIUM,0.15,0.0
288.85,1.126,1.689,0.121,MEDIUM,0.15,0.0
288.88,1.126,1.662,0.118,MEDIUM,0.15,0.0
289.02,1.123,1.662,0.118,MEDIUM,0.15,0.0
289.16,1.123,1.662,0.118,MEDIUM,0.15,0.0
289.21,1.123,1.662,0.118,MEDIUM,0.15,0.0
289.35,1.123,1.662,0.118,MEDIUM,0.15,0.0
289.49,1.12,1.662,0.118,MEDIUM,0.15,0.0
289.53,1.12,1.662,0.118,MEDIUM,0.15,0.0
289.6,1.12,1.662,0.118,MEDIUM,0.15,0.0
289.73,1.12,1.662,0.118,MEDIUM,0.15,0.0
289.79,1.117,1.662,0.118,MEDIUM,0.15,0.0
289.9,1.114,1.662,0.118,MEDIUM,0.15,0.0
289.99,1.111,1.662,0.118,MEDIUM,0.15,0.0
290.12,1.108,1.662,0.118,MEDIUM,0.15,0.0
290.19,1.105,1.662,0.118,MEDIUM,0.15,0.0
290.29,1.102,1.662,0.118,MEDIUM,0.15,0.0
290.4,1.099,1.662,0.118,MEDIUM,0.15,0.0
290.5,1.099,1.662,0.118,MEDIUM,0.15,0.0
290.59,1.096,1.635,0.114,MEDIUM,0.15,0.0
290.69,1.093,1.635,0.114,MEDIUM,0.15,0.0
290.81,1.093,1.635,0.114,MEDIUM,0.15,0.0
290.88,1.09,1.635,0.114,MEDIUM,0.15,0.0
291.06,1.087,1.635,0.114,MEDIUM,0.15,0.0
291.07,1.087,1.635,0.114,MEDIUM,0.15,0.0
291.19,1.084,1.635,0.114,MEDIUM,0.15,0.0
291.28,1.081,1.635,0.114,MEDIUM,0.15,0.0
291.44,1.078,1.635,0.114,MEDIUM,0.15,0.0
291.48,1.072,1.635,0.114,MEDIUM,0.15,0.0
291.62,1.072,1.635,0.114,MEDIUM,0.15,0.0
291.71,1.069,1.635,0.114,MEDIUM,0.15,0.0
291.81,1.069,1.635,0.114,MEDIUM,0.15,0.0
291.9,1.066,1.635,0.114,MEDIUM,0.15,0.0
292.0,1.063,1.612,0.109,MEDIUM,0.15,0.0
292.1,1.063,1.612,0.109,MEDIUM,0.15,0.0
292.22,1.06,1.612,0.109,MEDIUM,0.15,0.0
292.3,1.06,1.612,0.109,MEDIUM,0.15,0.0
292.4,1.057,1.612,0.109,MEDIUM,0.15,0.0
292.49,1.054,1.612,0.109,MEDIUM,0.15,0.0
292.62,1.051,1.612,0.109,MEDIUM,0.15,0.0
292.69,1.051,1.612,0.109,MEDIUM,0.15,0.0
292.82,1.049,1.612,0.109,MEDIUM,0.15,0.0
292.89,1.046,1.612,0.109,MEDIUM,0.15,0.0
292.98,1.043,1.612,0.109,MEDIUM,0.15,0.0
293.1,1.043,1.612,0.109,MEDIUM,0.15,0.0
293.19,1.04,1.612,0.109,MEDIUM,0.15,0.0
293.29,1.037,1.612,0.109,MEDIUM,0.15,0.0
293.39,1.034,1.612,0.109,MEDIUM,0.15,0.0
293.47,1.031,1.577,0.106,MEDIUM,0.15,0.0
293.65,1.028,1.577,0.106,MEDIUM,0.15,0.0
293.7,1.028,1.577,0.106,MEDIUM,0.15,0.0
293.78,1.025,1.577,0.106,MEDIUM,0.15,0.0
293.88,1.022,1.577,0.106,MEDIUM,0.15,0.0
294.0,1.019,1.577,0.106,MEDIUM,0.15,0.0
294.09,1.016,1.577,0.106,MEDIUM,0.15,0.0
294.18,1.016,1.577,0.106,MEDIUM,0.15,0.0
294.3,1.01,1.577,0.106,MEDIUM,0.15,0.0
294.4,1.007,1.577,0.106,MEDIUM,0.15,0.0
294.54,1.007,1.577,0.106,MEDIUM,0.15,0.0
294.6,1.004,1.577,0.106,MEDIUM,0.15,0.0
294.7,1.001,1.558,0.1,MEDIUM,0.15,0.0
294.8,0.998,1.558,0.1,MEDIUM,0.09,0.0
294.89,0.995,1.558,0.1,MEDIUM,0.09,0.0
295.02,0.995,1.558,0.1,MEDIUM,0.09,0.0
295.09,0.993,1.558,0.1,MEDIUM,0.09,0.0
295.19,0.993,1.558,0.1,MEDIUM,0.09,0.0
295.33,0.991,1.558,0.1,MEDIUM,0.09,0.0
295.39,0.991,1.558,0.1,MEDIUM,0.09,0.0
295.51,0.99,1.558,0.1,MEDIUM,0.09,0.0
295.59,0.988,1.558,0.1,MEDIUM,0.09,0.0
295.68,0.986,1.558,0.1,MEDIUM,0.09,0.0
295.79,0.984,1.558,0.1,MEDIUM,0.09,0.0
295.87,0.982,1.533,0.092,LOW,0.12,0.0
296.01,0.981,1.533,0.092,LOW,0.12,0.0
296.09,0.976,1.533,0.092,LOW,0.12,0.0
296.21,0.976,1.533,0.092,LOW,0.12,0.0
296.29,0.974,1.533,0.092,LOW,0.12,0.0
296.4,0.971,1.533,0.092,LOW,0.12,0.0
296.49,0.967,1.533,0.092,LOW,0.12,0.0
296.6,0.967,1.533,0.092,LOW,0.12,0.0
296.68,0.964,1.533,0.092,LOW,0.12,0.0
296.77,0.964,1.533,0.092,LOW,0.12,0.0
296.88,0.962,1.514,0.094,LOW,0.12,0.0
296.98,0.957,1.514,0.094,LOW,0.12,0.0
297.17,0.955,1.514,0.094,LOW,0.12,0.0
297.19,0.955,1.514,0.094,LOW,0.12,0.0
297.3,0.955,1.514,0.094,LOW,0.12,0.0
297.39,0.952,1.514,0.094,LOW,0.12,0.0
297.49,0.95,1.514,0.094,LOW,0.12,0.0
297.61,0.95,1.514,0.094,LOW,0.12,0.0
297.67,0.948,1.514,0.094,LOW,0.12,0.0
297.79,0.948,1.514,0.094,LOW,0.12,0.0
297.88,0.945,1.514,0.094,LOW,0.12,0.0
298.0,0.943,1.514,0.094,LOW,0.12,0.0
298.12,0.94,1.514,0.094,LOW,0.12,0.0
298.21,0.938,1.514,0.094,LOW,0.12,0.0
298.3,0.936,1.486,0.088,LOW,0.12,0.0
298.39,0.936,1.486,0.088,LOW,0.12,0.0
298.49,0.933,1.486,0.088,LOW,0.12,0.0
298.57,0.931,1.486,0.088,LOW,0.12,0.0
298.69,0.926,1.486,0.088,LOW,0.12,0.0
298.84,0.924,1.486,0.088,LOW,0.12,0.0
298.9,0.924,1.486,0.088,LOW,0.12,0.0
298.97,0.924,1.486,0.088,LOW,0.12,0.0
299.1,0.921,1.486,0.088,LOW,0.12,0.0
299.18,0.919,1.486,0.088,LOW,0.12,0.0
299.29,0.916,1.486,0.088,LOW,0.12,0.0
299.4,0.916,1.486,0.088,LOW,0.12,0.0
299.54,0.916,1.486,0.088,LOW,0.12,0.0
299.59,0.916,1.486,0.088,LOW,0.12,0.0
299.73,0.914,1.473,0.085,LOW,0.12,0.0
299.81,0.914,1.473,0.085,LOW,0.12,0.0
299.95,0.914,1.473,0.085,LOW,0.12,0.0
300.0,0.912,1.473,0.085,LOW,0.12,0.0
300.13,0.909,1.473,0.085,LOW,0.12,0.0
300.2,0.909,1.473,0.085,LOW,0.12,0.0
300.3,0.907,1.473,0.085,LOW,0.12,0.0
300.4,0.907,1.473,0.085,LOW,0.12,0.0
300.55,0.905,1.473,0.085,LOW,0.12,0.0
300.59,0.905,1.473,0.085,LOW,0.12,0.0
300.67,0.905,1.473,0.085,LOW,0.12,0.0
300.8,0.902,1.473,0.085,LOW,0.12,0.0
300.92,0.902,1.473,0.085,LOW,0.12,0.0
301.06,0.902,1.473,0.085,LOW,0.12,0.0
301.11,0.902,1.473,0.085,LOW,0.12,0.0
301.22,0.9,1.473,0.085,LOW,0.12,0.0
301.3,0.9,1.473,0.085,LOW,0.12,0.0
301.42,0.897,1.473,0.085,LOW,0.12,0.0
301.53,0.897,1.473,0.085,LOW,0.12,0.0
301.58,0.897,1.473,0.085,LOW,0.12,0.0
301.7,0.895,1.473,0.085,LOW,0.12,0.0
301.83,0.893,1.473,0.085,LOW,0.12,0.0
301.88,0.893,1.473,0.085,LOW,0.12,0.0
302.0,0.893,1.473,0.085,LOW,0.12,0.0
302.1,0.89,1.473,0.085,LOW,0.12,0.0
302.19,0.89,1.473,0.085,LOW,0.12,0.0
302.28,0.888,1.473,0.085,LOW,0.12,0.0
302.38,0.888,1.436,0.082,LOW,0.12,0.0
302.48,0.885,1.436,0.082,LOW,0.12,0.0
302.59,0.881,1.436,0.082,LOW,0.12,0.0
302.78,0.878,1.436,0.082,LOW,0.12,0.0
302.82,0.878,1.436,0.082,LOW,0.12,0.0
302.93,0.876,1.436,0.082,LOW,0.12,0.0
303.0,0.876,1.436,0.082,LOW,0.12,0.0
303.16,0.874,1.436,0.082,LOW,0.12,0.0
303.19,0.871,1.436,0.082,LOW,0.12,0.0
303.3,0.869,1.436,0.082,LOW,0.12,0.0
303.39,0.869,1.436,0.082,LOW,0.12,0.0
303.49,0.866,1.436,0.082,LOW,0.12,0.0
303.62,0.866,1.436,0.082,LOW,0.12,0.0
303.73,0.864,1.436,0.082,LOW,0.12,0.0
303.88,0.864,1.436,0.082,LOW,0.12,0.0
304.07,0.864,1.436,0.082,LOW,0.12,0.0
304.13,0.864,1.406,0.081,LOW,0.12,0.0
304.31,0.862,1.406,0.081,LOW,0.12,0.0
304.4,0.862,1.406,0.081,LOW,0.12,0.0
304.45,0.862,1.406,0.081,LOW,0.12,0.0
304.52,0.859,1.406,0.081,LOW,0.12,0.0
304.62,0.859,1.406,0.081,LOW,0.12,0.0
304.72,0.857,1.406,0.081,LOW,0.12,0.0
304.81,0.857,1.406,0.081,LOW,0.12,0.0
304.89,0.854,1.406,0.081,LOW,0.12,0.0
305.0,0.852,1.406,0.081,LOW,0.12,0.0
305.09,0.852,1.406,0.081,LOW,0.12,0.0
305.18,0.852,1.406,0.081,LOW,0.12,0.0
305.29,0.85,1.406,0.081,LOW,0.12,0.0
305.39,0.85,1.406,0.081,LOW,0.12,0.0
305.54,0.847,1.406,0.081,LOW,0.12,0.0
305.66,0.847,1.406,0.081,LOW,0.12,0.0
305.73,0.847,1.406,0.081,LOW,0.12,0.0
305.81,0.845,1.406,0.081,LOW,0.12,0.0
305.92,0.845,1.406,0.081,LOW,0.12,0.0
305.97,0.845,1.406,0.081,LOW,0.12,0.0
306.19,0.845,1.406,0.081,LOW,0.12,0.0
306.22,0.845,1.406,0.081,LOW,0.12,0.0
306.44,0.843,1.406,0.081,LOW,0.12,0.0
306.46,0.843,1.406,0.081,LOW,0.12,0.0
306.5,0.843,1.411,0.073,LOW,0.12,0.0
306.59,0.84,1.411,0.073,LOW,0.12,0.0
306.72,0.838,1.411,0.073,LOW,0.12,0.0
306.79,0.838,1.411,0.073,LOW,0.12,0.0
306.97,0.831,1.411,0.073,LOW,0.12,0.0
307.02,0.831,1.411,0.073,LOW,0.12,0.0
307.16,0.828,1.411,0.073,LOW,0.12,0.0
307.18,0.828,1.411,0.073,LOW,0.12,0.0
307.29,0.826,1.411,0.073,LOW,0.12,0.0
307.43,0.824,1.411,0.073,LOW,0.12,0.0
307.54,0.821,1.411,0.073,LOW,0.12,0.0
307.67,0.821,1.411,0.073,LOW,0.12,0.0
307.74,0.821,1.411,0.073,LOW,0.12,0.0
307.83,0.819,1.364,0.073,LOW,0.12,0.0
307.89,0.819,1.364,0.073,LOW,0.12,0.0
308.01,0.819,1.364,0.073,LOW,0.12,0.0
308.11,0.819,1.364,0.073,LOW,0.12,0.0
308.21,0.819,1.364,0.073,LOW,0.12,0.0
308.27,0.816,1.364,0.073,LOW,0.12,0.0
308.39,0.816,1.364,0.073,LOW,0.12,0.0
308.5,0.816,1.364,0.073,LOW,0.12,0.0
308.72,0.816,1.364,0.073,LOW,0.12,0.0
308.75,0.816,1.364,0.073,LOW,0.12,0.0
308.78,0.812,1.364,0.073,LOW,0.12,0.0
308.9,0.809,1.364,0.073,LOW,0.12,0.0
309.04,0.809,1.364,0.073,LOW,0.12,0.0
309.11,0.807,1.364,0.073,LOW,0.12,0.0
309.22,0.807,1.364,0.073,LOW,0.12,0.0
309.27,0.804,1.364,0.073,LOW,0.12,0.0
309.49,0.804,1.364,0.073,LOW,0.12,0.0
309.65,0.804,1.364,0.073,LOW,0.12,0.0
309.68,0.804,1.364,0.073,LOW,0.12,0.0
309.82,0.802,1.364,0.073,LOW,0.12,0.0
309.94,0.802,1.364,0.073,LOW,0.12,0.0
310.0,0.802,1.364,0.073,LOW,0.12,0.0
310.12,0.8,1.364,0.073,LOW,0.12,0.0
310.2,0.797,1.364,0.073,LOW,0.12,0.0
310.32,0.797,1.364,0.073,LOW,0.12,0.0
310.37,0.795,1.364,0.073,LOW,0.12,0.0
310.49,0.793,1.364,0.073,LOW,0.12,0.0
310.57,0.79,1.356,0.07,LOW,0.12,0.0
310.69,0.79,1.356,0.07,LOW,0.12,0.0
310.81,0.79,1.356,0.07,LOW,0.12,0.0
310.91,0.788,1.356,0.07,LOW,0.12,0.0
310.98,0.788,1.356,0.07,LOW,0.12,0.0
311.12,0.785,1.356,0.07,LOW,0.12,0.0
311.28,0.783,1.356,0.07,LOW,0.12,0.0
311.31,0.783,1.356,0.07,LOW,0.12,0.0
311.39,0.778,1.356,0.07,LOW,0.12,0.0
311.48,0.776,1.356,0.07,LOW,0.12,0.0
311.58,0.774,1.356,0.07,LOW,0.12,0.0
311.74,0.774,1.356,0.07,LOW,0.12,0.0
311.86,0.774,1.356,0.07,LOW,0.12,0.0
311.96,0.771,1.356,0.07,LOW,0.12,0.0
312.06,0.771,1.356,0.07,LOW,0.12,0.0
312.13,0.771,1.356,0.07,LOW,0.12,0.0
312.21,0.771,1.356,0.07,LOW,0.12,0.0
312.35,0.769,1.33,0.066,LOW,0.12,0.0
312.41,0.769,1.33,0.066,LOW,0.12,0.0
312.51,0.769,1.33,0.066,LOW,0.12,0.0
312.62,0.766,1.33,0.066,LOW,0.12,0.0
312.79,0.766,1.33,0.066,LOW,0.12,0.0
312.81,0.766,1.33,0.066,LOW,0.12,0.0
312.93,0.766,1.33,0.066,LOW,0.12,0.0
312.98,0.764,1.33,0.066,LOW,0.12,0.0
313.11,0.764,1.33,0.066,LOW,0.12,0.0
313.18,0.764,1.33,0.066,LOW,0.12,0.0
313.31,0.762,1.33,0.066,LOW,0.12,0.0
313.4,0.762,1.33,0.066,LOW,0.12,0.0
313.49,0.762,1.33,0.066,LOW,0.12,0.0
313.59,0.762,1.33,0.066,LOW,0.12,0.0
313.74,0.759,1.33,0.066,LOW,0.12,0.0
313.88,0.757,1.33,0.066,LOW,0.12,0.0
313.98,0.757,1.33,0.066,LOW,0.12,0.0
314.04,0.757,1.33,0.066,LOW,0.12,0.0
314.14,0.757,1.33,0.066,LOW,0.12,0.0
314.17,0.754,1.33,0.066,LOW,0.12,0.0
314.29,0.754,1.33,0.066,LOW,0.12,0.0
314.46,0.754,1.33,0.066,LOW,0.12,0.0
314.52,0.754,1.33,0.066,LOW,0.12,0.0
314.65,0.752,1.33,0.066,LOW,0.12,0.0
314.72,0.752,1.33,0.066,LOW,0.12,0.0
314.77,0.752,1.33,0.066,LOW,0.12,0.0
314.91,0.752,1.33,0.066,LOW,0.12,0.0
314.99,0.75,1.33,0.066,LOW,0.12,0.0
315.1,0.75,1.33,0.066,LOW,0.12,0.0
315.21,0.747,1.33,0.066,LOW,0.12,0.0
315.28,0.747,1.304,0.064,LOW,0.12,0.0
315.44,0.745,1.304,0.064,LOW,0.12,0.0
315.48,0.745,1.304,0.064,LOW,0.12,0.0
315.59,0.745,1.304,0.064,LOW,0.12,0.0
315.69,0.743,1.304,0.064,LOW,0.12,0.0
315.81,0.74,1.304,0.064,LOW,0.12,0.0
315.89,0.738,1.304,0.064,LOW,0.12,0.0
316.08,0.738,1.304,0.064,LOW,0.12,0.0
316.12,0.738,1.304,0.064,LOW,0.12,0.0
316.25,0.735,1.304,0.064,LOW,0.12,0.0
316.34,0.735,1.304,0.064,LOW,0.12,0.0
316.41,0.733,1.304,0.064,LOW,0.12,0.0
316.49,0.733,1.304,0.064,LOW,0.12,0.0
316.59,0.731,1.304,0.064,LOW,0.12,0.0
316.72,0.731,1.304,0.064,LOW,0.12,0.0
316.78,0.728,1.304,0.064,LOW,0.12,0.0
316.92,0.728,1.304,0.064,LOW,0.12,0.0
317.0,0.728,1.304,0.064,LOW,0.12,0.0
317.22,0.728,1.304,0.064,LOW,0.12,0.0
317.27,0.728,1.304,0.064,LOW,0.12,0.0
317.35,0.726,1.304,0.064,LOW,0.12,0.0
317.44,0.726,1.304,0.064,LOW,0.12,0.0
317.5,0.724,1.304,0.064,LOW,0.12,0.0
317.65,0.724,1.304,0.064,LOW,0.12,0.0
317.73,0.724,1.304,0.064,LOW,0.12,0.0
317.84,0.721,1.277,0.063,LOW,0.12,0.0
317.88,0.719,1.277,0.063,LOW,0.12,0.0
317.98,0.716,1.277,0.063,LOW,0.12,0.0
318.1,0.716,1.277,0.063,LOW,0.12,0.0
318.19,0.714,1.277,0.063,LOW,0.12,0.0
318.34,0.714,1.277,0.063,LOW,0.12,0.0
318.44,0.712,1.277,0.063,LOW,0.12,0.0
318.52,0.712,1.277,0.063,LOW,0.12,0.0
318.62,0.712,1.277,0.063,LOW,0.12,0.0
318.7,0.709,1.277,0.063,LOW,0.12,0.0
318.78,0.709,1.277,0.063,LOW,0.12,0.0
318.91,0.707,1.277,0.063,LOW,0.12,0.0
319.02,0.707,1.277,0.063,LOW,0.12,0.0
319.12,0.707,1.277,0.063,LOW,0.12,0.0
319.2,0.707,1.277,0.063,LOW,0.12,0.0
319.28,0.705,1.277,0.063,LOW,0.12,0.0
319.5,0.705,1.277,0.063,LOW,0.12,0.0
319.6,0.705,1.277,0.063,LOW,0.12,0.0
319.69,0.705,1.277,0.063,LOW,0.12,0.0
319.77,0.702,1.277,0.063,LOW,0.12,0.0
319.79,0.702,1.277,0.063,LOW,0.12,0.0
319.87,0.7,1.277,0.063,LOW,0.12,0.0
320.04,0.7,1.277,0.063,LOW,0.12,0.0
320.15,0.7,1.278,0.058,LOW,0.12,0.0
320.19,0.697,1.278,0.058,LOW,0.12,0.0
320.29,0.697,1.278,0.058,LOW,0.12,0.0
320.38,0.695,1.278,0.058,LOW,0.12,0.0
320.58,0.693,1.278,0.058,LOW,0.12,0.0
320.72,0.693,1.278,0.058,LOW,0.12,0.0
320.78,0.69,1.278,0.058,LOW,0.12,0.0
320.92,0.688,1.278,0.058,LOW,0.12,0.0
320.99,0.688,1.278,0.058,LOW,0.12,0.0
321.09,0.686,1.278,0.058,LOW,0.12,0.0
321.22,0.686,1.278,0.058,LOW,0.12,0.0
321.3,0.683,1.278,0.058,LOW,0.12,0.0
321.4,0.681,1.278,0.058,LOW,0.12,0.0
321.55,0.678,1.278,0.058,LOW,0.12,0.0
321.6,0.678,1.278,0.058,LOW,0.12,0.0
321.76,0.676,1.231,0.063,LOW,0.12,0.0
321.81,0.676,1.231,0.063,LOW,0.12,0.0
321.91,0.674,1.231,0.063,LOW,0.12,0.0
321.97,0.669,1.231,0.063,LOW,0.12,0.0
322.1,0.667,1.231,0.063,LOW,0.12,0.0
322.18,0.667,1.231,0.063,LOW,0.12,0.0
322.36,0.664,1.231,0.063,LOW,0.12,0.0
322.44,0.664,1.231,0.063,LOW,0.12,0.0
322.51,0.662,1.231,0.063,LOW,0.12,0.0
322.64,0.662,1.231,0.063,LOW,0.12,0.0
322.7,0.662,1.231,0.063,LOW,0.12,0.0
322.84,0.662,1.231,0.063,LOW,0.12,0.0
322.88,0.659,1.231,0.063,LOW,0.12,0.0
323.01,0.659,1.231,0.063,LOW,0.12,0.0
323.16,0.659,1.231,0.063,LOW,0.12,0.0
323.2,0.659,1.231,0.063,LOW,0.12,0.0
323.3,0.657,1.231,0.063,LOW,0.12,0.0
323.4,0.657,1.231,0.063,LOW,0.12,0.0
323.57,0.657,1.231,0.063,LOW,0.12,0.0
323.69,0.657,1.231,0.063,LOW,0.12,0.0
323.75,0.657,1.231,0.063,LOW,0.12,0.0
323.91,0.655,1.231,0.063,LOW,0.12,0.0
323.97,0.655,1.231,0.063,LOW,0.12,0.0
324.0,0.655,1.231,0.063,LOW,0.12,0.0
324.13,0.655,1.231,0.063,LOW,0.12,0.0
324.2,0.652,1.231,0.063,LOW,0.12,0.0
324.33,0.652,1.231,0.063,LOW,0.12,0.0
324.48,0.65,1.218,0.056,LOW,0.12,0.0
324.6,0.65,1.218,0.056,LOW,0.12,0.0
324.69,0.65,1.218,0.056,LOW,0.12,0.0
324.73,0.65,1.218,0.056,LOW,0.12,0.0
324.81,0.65,1.218,0.056,LOW,0.12,0.0
324.9,0.65,1.218,0.056,LOW,0.12,0.0
324.99,0.648,1.218,0.056,LOW,0.12,0.0
325.16,0.648,1.218,0.056,LOW,0.12,0.0
325.24,0.648,1.218,0.056,LOW,0.12,0.0
325.41,0.645,1.218,0.056,LOW,0.12,0.0
325.46,0.645,1.218,0.056,LOW,0.12,0.0
325.48,0.645,1.218,0.056,LOW,0.12,0.0
325.59,0.643,1.218,0.056,LOW,0.12,0.0
325.71,0.643,1.218,0.056,LOW,0.12,0.0
325.82,0.643,1.218,0.056,LOW,0.12,0.0
325.89,0.64,1.218,0.056,LOW,0.12,0.0
325.98,0.64,1.218,0.056,LOW,0.12,0.0
326.07,0.64,1.218,0.056,LOW,0.12,0.0
326.2,0.64,1.218,0.056,LOW,0.12,0.0
326.3,0.638,1.218,0.056,LOW,0.12,0.0
326.43,0.636,1.218,0.056,LOW,0.12,0.0
326.53,0.636,1.218,0.056,LOW,0.12,0.0
326.65,0.636,1.218,0.056,LOW,0.12,0.0
326.71,0.633,1.218,0.056,LOW,0.12,0.0
326.82,0.633,1.218,0.056,LOW,0.12,0.0
326.87,0.633,1.218,0.056,LOW,0.12,0.0
327.05,0.631,1.218,0.056,LOW,0.12,0.0
327.11,0.631,1.218,0.056,LOW,0.12,0.0
327.19,0.631,1.218,0.056,LOW,0.12,0.0
327.29,0.629,1.218,0.056,LOW,0.12,0.0
327.39,0.629,1.188,0.056,LOW,0.12,0.0
327.53,0.629,1.188,0.056,LOW,0.12,0.0
327.62,0.626,1.188,0.056,LOW,0.12,0.0
327.68,0.626,1.188,0.056,LOW,0.12,0.0
327.86,0.626,1.188,0.056,LOW,0.12,0.0
327.91,0.626,1.188,0.056,LOW,0.12,0.0
328.0,0.626,1.188,0.056,LOW,0.12,0.0
328.09,0.624,1.188,0.056,LOW,0.12,0.0
328.19,0.624,1.188,0.056,LOW,0.12,0.0
328.29,0.624,1.188,0.056,LOW,0.12,0.0
328.45,0.622,1.188,0.056,LOW,0.12,0.0
328.59,0.622,1.188,0.056,LOW,0.12,0.0
328.74,0.622,1.188,0.056,LOW,0.12,0.0
328.75,0.622,1.188,0.056,LOW,0.12,0.0
328.81,0.619,1.188,0.056,LOW,0.12,0.0
328.89,0.619,1.188,0.056,LOW,0.12,0.0
329.01,0.617,1.188,0.056,LOW,0.12,0.0
329.1,0.617,1.188,0.056,LOW,0.12,0.0
329.24,0.614,1.188,0.056,LOW,0.12,0.0
329.34,0.614,1.188,0.056,LOW,0.12,0.0
329.43,0.612,1.188,0.056,LOW,0.12,0.0
329.56,0.612,1.188,0.056,LOW,0.12,0.0
329.59,0.612,1.188,0.056,LOW,0.12,0.0
329.68,0.61,1.188,0.056,LOW,0.12,0.0
329.81,0.61,1.188,0.056,LOW,0.12,0.0
329.9,0.61,1.188,0.056,LOW,0.12,0.0
330.0,0.607,1.188,0.056,LOW,0.12,0.0
330.1,0.607,1.188,0.056,LOW,0.12,0.0
330.26,0.605,1.188,0.056,LOW,0.12,0.0
330.36,0.605,1.164,0.055,LOW,0.12,0.0
330.4,0.605,1.164,0.055,LOW,0.12,0.0
330.48,0.595,1.164,0.055,LOW,0.12,0.0
330.6,0.595,1.164,0.055,LOW,0.12,0.0
330.73,0.595,1.164,0.055,LOW,0.12,0.0
330.8,0.593,1.164,0.055,LOW,0.12,0.0
330.9,0.593,1.164,0.055,LOW,0.12,0.0
331.01,0.593,1.164,0.055,LOW,0.12,0.0
331.07,0.591,1.164,0.055,LOW,0.12,0.0
331.26,0.591,1.164,0.055,LOW,0.12,0.0
331.32,0.591,1.164,0.055,LOW,0.12,0.0
331.39,0.588,1.164,0.055,LOW,0.12,0.0
331.51,0.588,1.164,0.055,LOW,0.12,0.0
331.61,0.588,1.164,0.055,LOW,0.12,0.0
331.72,0.586,1.164,0.055,LOW,0.12,0.0
331.79,0.586,1.164,0.055,LOW,0.12,0.0
331.96,0.584,1.164,0.055,LOW,0.12,0.0
332.0,0.584,1.164,0.055,LOW,0.12,0.0
332.09,0.584,1.164,0.055,LOW,0.12,0.0
332.19,0.584,1.164,0.055,LOW,0.12,0.0
332.31,0.584,1.164,0.055,LOW,0.12,0.0
332.51,0.581,1.163,0.055,LOW,0.12,0.0
332.55,0.581,1.163,0.055,LOW,0.12,0.0
332.58,0.581,1.163,0.055,LOW,0.12,0.0
332.72,0.579,1.163,0.055,LOW,0.12,0.0
332.8,0.579,1.163,0.055,LOW,0.12,0.0
332.95,0.579,1.163,0.055,LOW,0.12,0.0
333.0,0.577,1.163,0.055,LOW,0.12,0.0
333.1,0.577,1.163,0.055,LOW,0.12,0.0
333.21,0.577,1.163,0.055,LOW,0.12,0.0
333.28,0.577,1.163,0.055,LOW,0.12,0.0
333.39,0.574,1.163,0.055,LOW,0.12,0.0
333.51,0.572,1.163,0.055,LOW,0.12,0.0
333.58,0.572,1.163,0.055,LOW,0.12,0.0
333.71,0.572,1.163,0.055,LOW,0.12,0.0
333.82,0.569,1.163,0.055,LOW,0.12,0.0
333.87,0.569,1.163,0.055,LOW,0.12,0.0
334.03,0.567,1.163,0.055,LOW,0.12,0.0
334.08,0.567,1.163,0.055,LOW,0.12,0.0
334.26,0.565,1.163,0.055,LOW,0.12,0.0
334.35,0.565,1.163,0.055,LOW,0.12,0.0
334.39,0.562,1.163,0.055,LOW,0.12,0.0
334.51,0.56,1.163,0.055,LOW,0.12,0.0
334.59,0.56,1.163,0.055,LOW,0.12,0.0
334.71,0.558,1.163,0.055,LOW,0.12,0.0
334.83,0.553,1.163,0.055,LOW,0.12,0.0
334.95,0.551,1.128,0.054,LOW,0.12,0.0
335.03,0.551,1.128,0.054,LOW,0.12,0.0
335.1,0.551,1.128,0.054,LOW,0.12,0.0
335.2,0.548,1.128,0.054,LOW,0.12,0.0
335.33,0.548,1.128,0.054,LOW,0.12,0.0
335.45,0.548,1.128,0.054,LOW,0.12,0.0
335.6,0.548,1.128,0.054,LOW,0.12,0.0
335.67,0.548,1.128,0.054,LOW,0.12,0.0
335.74,0.546,1.128,0.054,LOW,0.12,0.0
335.84,0.546,1.128,0.054,LOW,0.12,0.0
335.91,0.543,1.128,0.054,LOW,0.12,0.0
336.05,0.543,1.128,0.054,LOW,0.12,0.0
336.1,0.543,1.128,0.054,LOW,0.12,0.0
336.2,0.543,1.128,0.054,LOW,0.12,0.0
336.38,0.541,1.128,0.054,LOW,0.12,0.0
336.44,0.541,1.128,0.054,LOW,0.12,0.0
336.53,0.541,1.128,0.054,LOW,0.12,0.0
336.62,0.539,1.128,0.054,LOW,0.12,0.0
336.78,0.539,1.128,0.054,LOW,0.12,0.0
336.92,0.539,1.128,0.054,LOW,0.12,0.0
336.94,0.536,1.128,0.054,LOW,0.12,0.0
336.98,0.536,1.128,0.054,LOW,0.12,0.0
337.1,0.534,1.128,0.054,LOW,0.12,0.0
337.24,0.534,1.128,0.054,LOW,0.12,0.0
337.31,0.532,1.128,0.054,LOW,0.12,0.0
337.51,0.532,1.123,0.053,LOW,0.12,0.0
337.58,0.532,1.123,0.053,LOW,0.12,0.0
337.67,0.529,1.123,0.053,LOW,0.12,0.0
337.72,0.529,1.123,0.053,LOW,0.12,0.0
337.77,0.527,1.123,0.053,LOW,0.12,0.0
337.88,0.527,1.123,0.053,LOW,0.12,0.0
338.08,0.525,1.123,0.053,LOW,0.12,0.0
338.12,0.522,1.123,0.053,LOW,0.12,0.0
338.19,0.52,1.123,0.053,LOW,0.12,0.0
338.31,0.518,1.123,0.053,LOW,0.12,0.0
338.41,0.515,1.123,0.053,LOW,0.12,0.0
338.51,0.515,1.123,0.053,LOW,0.12,0.0
338.62,0.513,1.123,0.053,LOW,0.12,0.0
338.76,0.513,1.123,0.053,LOW,0.12,0.0
338.78,0.513,1.123,0.053,LOW,0.12,0.0
338.98,0.513,1.123,0.053,LOW,0.12,0.0
339.04,0.511,1.123,0.053,LOW,0.12,0.0
339.18,0.511,1.123,0.053,LOW,0.12,0.0
339.28,0.511,1.123,0.053,LOW,0.12,0.0
339.37,0.511,1.123,0.053,LOW,0.12,0.0
339.45,0.511,1.123,0.053,LOW,0.12,0.0
339.5,0.508,1.094,0.053,LOW,0.12,0.0
339.61,0.506,1.094,0.052,LOW,0.12,0.0
339.69,0.506,1.094,0.052,LOW,0.12,0.0
339.86,0.503,1.094,0.052,LOW,0.12,0.0
339.96,0.503,1.094,0.052,LOW,0.12,0.0
340.01,0.503,1.094,0.052,LOW,0.12,0.0
340.12,0.501,1.094,0.052,LOW,0.12,0.0
340.28,0.501,1.094,0.052,LOW,0.12,0.0
340.37,0.501,1.094,0.052,LOW,0.12,0.0
340.44,0.499,1.094,0.052,LOW,0.07,0.0
340.59,0.499,1.094,0.052,LOW,0.07,0.0
340.68,0.499,1.094,0.052,LOW,0.07,0.0
340.75,0.499,1.094,0.052,LOW,0.07,0.0
340.8,0.499,1.094,0.052,LOW,0.07,0.0
340.97,0.499,1.094,0.052,LOW,0.07,0.0
341.07,0.499,1.094,0.052,LOW,0.07,0.0
341.13,0.497,1.094,0.052,LOW,0.07,0.0
341.22,0.496,1.094,0.052,LOW,0.07,0.0
341.3,0.496,1.094,0.052,LOW,0.07,0.0
341.41,0.496,1.094,0.052,LOW,0.07,0.0
341.59,0.494,1.094,0.052,LOW,0.07,0.0
341.67,0.494,1.094,0.052,LOW,0.07,0.0
341.68,0.494,1.094,0.052,LOW,0.07,0.0
341.8,0.493,1.094,0.052,LOW,0.07,0.0
341.88,0.491,1.094,0.052,LOW,0.07,0.0
341.99,0.491,1.071,0.053,LOW,0.07,0.0
342.12,0.49,1.071,0.053,LOW,0.07,0.0
342.24,0.489,1.071,0.053,LOW,0.07,0.0
342.31,0.489,1.071,0.053,LOW,0.07,0.0
342.4,0.489,1.071,0.053,LOW,0.07,0.0
342.49,0.487,1.071,0.053,LOW,0.07,0.0
342.59,0.487,1.071,0.053,LOW,0.07,0.0
342.73,0.487,1.071,0.053,LOW,0.07,0.0
342.84,0.486,1.071,0.053,LOW,0.07,0.0
342.93,0.486,1.071,0.053,LOW,0.07,0.0
343.0,0.486,1.071,0.053,LOW,0.07,0.0
343.1,0.486,1.071,0.053,LOW,0.07,0.0
343.26,0.486,1.071,0.053,LOW,0.07,0.0
343.36,0.486,1.071,0.053,LOW,0.07,0.0
343.44,0.485,1.071,0.053,LOW,0.07,0.0
343.53,0.485,1.071,0.053,LOW,0.07,0.0
343.63,0.485,1.071,0.053,LOW,0.07,0.0
343.68,0.485,1.071,0.053,LOW,0.07,0.0
343.8,0.483,1.071,0.053,LOW,0.07,0.0
344.0,0.483,1.071,0.053,LOW,0.07,0.0
344.04,0.483,1.071,0.053,LOW,0.07,0.0
344.08,0.482,1.071,0.053,LOW,0.07,0.0
344.26,0.482,1.071,0.053,LOW,0.07,0.0
344.37,0.482,1.071,0.053,LOW,0.07,0.0
344.45,0.48,1.071,0.053,LOW,0.0,0.314
344.48,0.48,1.071,0.053,LOW,0.0,0.314
344.57,0.479,1.071,0.053,LOW,0.0,0.315
344.72,0.479,1.071,0.053,LOW,0.0,0.315
344.82,0.479,1.071,0.053,LOW,0.0,0.315
344.96,0.479,1.071,0.053,LOW,0.07,0.0
344.98,0.479,1.071,0.053,LOW,0.07,0.0
345.14,0.479,1.071,0.053,LOW,0.07,0.0
345.23,0.479,1.056,0.054,LOW,0.07,0.0
345.34,0.479,1.056,0.054,LOW,0.07,0.0
345.47,0.479,1.056,0.054,LOW,0.07,0.0
345.49,0.479,1.056,0.054,LOW,0.07,0.0
345.62,0.478,1.056,0.054,LOW,0.07,0.0
345.75,0.478,1.056,0.054,LOW,0.07,0.0
345.8,0.478,1.056,0.054,LOW,0.07,0.0
345.92,0.477,1.056,0.054,LOW,0.07,0.0
345.98,0.477,1.056,0.054,LOW,0.07,0.0
346.1,0.477,1.056,0.054,LOW,0.07,0.0
346.23,0.477,1.056,0.054,LOW,0.07,0.0
346.33,0.476,1.056,0.054,LOW,0.07,0.0
346.42,0.476,1.056,0.054,LOW,0.07,0.0
346.5,0.476,1.056,0.054,LOW,0.07,0.0
346.59,0.474,1.056,0.054,LOW,0.07,0.0
346.77,0.474,1.056,0.054,LOW,0.07,0.0
346.87,0.474,1.056,0.054,LOW,0.07,0.0
346.9,0.474,1.056,0.054,LOW,0.07,0.0
347.02,0.473,1.056,0.054,LOW,0.07,0.0
347.12,0.473,1.056,0.054,LOW,0.07,0.0
347.19,0.473,1.056,0.054,LOW,0.07,0.0
347.28,0.473,1.056,0.054,LOW,0.07,0.0
347.41,0.472,1.056,0.054,LOW,0.07,0.0
347.57,0.472,1.056,0.054,LOW,0.07,0.0
347.64,0.472,1.056,0.054,LOW,0.07,0.0
347.69,0.47,1.056,0.054,LOW,0.07,0.0
347.87,0.469,1.056,0.054,LOW,0.07,0.0
347.96,0.469,1.056,0.054,LOW,0.07,0.0
348.02,0.469,1.056,0.054,LOW,0.07,0.0
348.12,0.467,1.056,0.054,LOW,0.07,0.0
348.24,0.467,1.054,0.049,LOW,0.07,0.0
348.3,0.467,1.054,0.049,LOW,0.07,0.0
348.4,0.467,1.054,0.049,LOW,0.07,0.0
348.48,0.466,1.054,0.049,LOW,0.07,0.0
348.59,0.466,1.054,0.049,LOW,0.07,0.0
348.69,0.465,1.054,0.049,LOW,0.07,0.0
348.84,0.465,1.054,0.049,LOW,0.07,0.0
348.97,0.463,1.054,0.049,LOW,0.07,0.0
349.06,0.463,1.054,0.049,LOW,0.07,0.0
349.09,0.463,1.054,0.049,LOW,0.07,0.0
349.2,0.462,1.054,0.049,LOW,0.07,0.0
349.33,0.462,1.054,0.049,LOW,0.07,0.0
349.43,0.461,1.054,0.049,LOW,0.07,0.0
349.51,0.461,1.054,0.049,LOW,0.07,0.0
349.58,0.459,1.054,0.049,LOW,0.07,0.0
349.69,0.459,1.054,0.049,LOW,0.07,0.0
349.81,0.458,1.054,0.049,LOW,0.07,0.0
349.88,0.458,1.054,0.049,LOW,0.07,0.0
350.0,0.458,1.054,0.049,LOW,0.07,0.0
350.07,0.456,1.054,0.049,LOW,0.07,0.0
350.21,0.456,1.054,0.049,LOW,0.07,0.0
350.3,0.455,1.054,0.049,LOW,0.07,0.0
350.38,0.455,1.054,0.049,LOW,0.07,0.0
350.57,0.454,1.043,0.049,LOW,0.0,0.315
350.59,0.454,1.043,0.05,LOW,0.0,0.315
350.68,0.454,1.043,0.05,LOW,0.0,0.315
350.81,0.453,1.043,0.05,LOW,0.07,0.0
350.88,0.453,1.043,0.05,LOW,0.07,0.0
350.97,0.453,1.043,0.05,LOW,0.07,0.0
351.14,0.452,1.043,0.05,LOW,0.07,0.0
351.25,0.452,1.043,0.05,LOW,0.07,0.0
351.33,0.452,1.043,0.05,LOW,0.07,0.0
351.4,0.452,1.043,0.05,LOW,0.07,0.0
351.52,0.451,1.043,0.05,LOW,0.07,0.0
351.64,0.451,1.043,0.05,LOW,0.07,0.0
351.68,0.451,1.043,0.05,LOW,0.07,0.0
351.81,0.449,1.043,0.05,LOW,0.07,0.0
351.89,0.449,1.043,0.05,LOW,0.07,0.0
351.98,0.448,1.043,0.05,LOW,0.07,0.0
352.11,0.448,1.043,0.05,LOW,0.07,0.0
352.24,0.448,1.043,0.05,LOW,0.07,0.0
352.32,0.446,1.043,0.05,LOW,0.07,0.0
352.39,0.446,1.043,0.05,LOW,0.07,0.0
352.58,0.446,1.043,0.05,LOW,0.07,0.0
352.62,0.446,1.043,0.05,LOW,0.07,0.0
352.72,0.445,1.043,0.05,LOW,0.07,0.0
352.77,0.445,1.031,0.049,LOW,0.07,0.0
352.91,0.445,1.031,0.049,LOW,0.07,0.0
352.97,0.444,1.031,0.049,LOW,0.07,0.0
353.08,0.444,1.031,0.049,LOW,0.07,0.0
353.23,0.442,1.031,0.049,LOW,0.07,0.0
353.32,0.442,1.031,0.049,LOW,0.07,0.0
353.46,0.441,1.031,0.049,LOW,0.0,0.315
353.48,0.441,1.031,0.049,LOW,0.0,0.315
353.6,0.441,1.031,0.049,LOW,0.0,0.315
353.71,0.441,1.031,0.049,LOW,0.0,0.315
353.83,0.44,1.031,0.049,LOW,0.07,0.0
353.92,0.44,1.031,0.049,LOW,0.07,0.0
354.03,0.44,1.031,0.049,LOW,0.07,0.0
354.16,0.44,1.031,0.049,LOW,0.07,0.0
354.17,0.44,1.031,0.049,LOW,0.07,0.0
354.27,0.44,1.031,0.049,LOW,0.07,0.0
354.4,0.44,1.031,0.049,LOW,0.07,0.0
354.52,0.439,1.031,0.049,LOW,0.07,0.0
354.59,0.439,1.031,0.049,LOW,0.07,0.0
354.67,0.438,1.031,0.049,LOW,0.07,0.0
354.82,0.438,1.031,0.049,LOW,0.07,0.0
354.92,0.437,1.031,0.049,LOW,0.07,0.0
355.0,0.437,1.031,0.049,LOW,0.07,0.0
355.07,0.437,1.031,0.049,LOW,0.07,0.0
355.2,0.437,1.031,0.049,LOW,0.07,0.0
355.3,0.435,1.031,0.05,LOW,0.07,0.0
355.41,0.434,1.031,0.05,LOW,0.07,0.0
355.53,0.433,1.031,0.05,LOW,0.07,0.0
355.59,0.433,1.031,0.05,LOW,0.07,0.0
355.73,0.431,1.031,0.05,LOW,0.07,0.0
355.81,0.431,1.031,0.05,LOW,0.07,0.0
355.9,0.43,1.031,0.05,LOW,0.07,0.0
356.03,0.43,1.031,0.05,LOW,0.07,0.0
356.13,0.43,1.031,0.05,LOW,0.07,0.0
356.26,0.43,1.031,0.05,LOW,0.07,0.0
356.35,0.43,1.031,0.05,LOW,0.07,0.0
356.41,0.428,1.031,0.05,LOW,0.07,0.0
356.47,0.428,1.031,0.05,LOW,0.07,0.0
356.59,0.427,1.031,0.05,LOW,0.07,0.0
356.68,0.427,1.031,0.05,LOW,0.07,0.0
356.8,0.426,1.031,0.05,LOW,0.0,0.314
356.88,0.426,1.031,0.05,LOW,0.0,0.314
356.99,0.425,1.031,0.05,LOW,0.07,0.0
357.17,0.425,1.031,0.05,LOW,0.07,0.0
357.21,0.425,1.031,0.05,LOW,0.07,0.0
357.38,0.425,1.031,0.05,LOW,0.07,0.0
357.51,0.425,1.031,0.05,LOW,0.07,0.0
357.52,0.425,1.031,0.05,LOW,0.07,0.0
357.59,0.425,1.031,0.05,LOW,0.07,0.0
357.79,0.424,1.031,0.05,LOW,0.07,0.0
357.88,0.423,1.031,0.05,LOW,0.07,0.0
358.05,0.421,1.009,0.049,LOW,0.07,0.0
358.09,0.421,1.009,0.049,LOW,0.07,0.0
358.22,0.42,1.009,0.049,LOW,0.07,0.0
358.31,0.418,1.009,0.049,LOW,0.07,0.0
358.37,0.418,1.009,0.049,LOW,0.07,0.0
358.58,0.418,1.009,0.049,LOW,0.07,0.0
358.68,0.418,1.009,0.049,LOW,0.07,0.0
358.81,0.417,1.009,0.049,LOW,0.07,0.0
358.84,0.417,1.009,0.049,LOW,0.07,0.0
358.93,0.416,1.009,0.049,LOW,0.07,0.0
358.99,0.414,1.009,0.049,LOW,0.07,0.0
359.09,0.414,1.009,0.049,LOW,0.07,0.0
359.18,0.413,1.009,0.049,LOW,0.0,0.315
359.31,0.413,1.009,0.049,LOW,0.0,0.315
359.4,0.413,1.009,0.049,LOW,0.0,0.315
359.51,0.412,1.009,0.049,LOW,0.07,0.0
359.62,0.412,1.0,0.048,LOW,0.07,0.0
359.71,0.412,1.0,0.048,LOW,0.07,0.0
359.81,0.412,1.0,0.048,LOW,0.07,0.0
359.9,0.412,1.0,0.048,LOW,0.07,0.0
360.01,0.412,1.0,0.048,LOW,0.07,0.0
360.11,0.412,1.0,0.048,LOW,0.07,0.0
360.19,0.411,1.0,0.048,LOW,0.07,0.0
360.28,0.411,1.0,0.048,LOW,0.07,0.0
360.38,0.41,1.0,0.048,LOW,0.07,0.0
360.53,0.41,1.0,0.048,LOW,0.07,0.0
360.64,0.409,1.0,0.048,LOW,0.07,0.0
360.69,0.409,1.0,0.048,LOW,0.07,0.0
360.86,0.408,1.0,0.048,LOW,0.07,0.0
360.9,0.408,1.0,0.048,LOW,0.07,0.0
361.0,0.408,1.0,0.048,LOW,0.07,0.0
361.17,0.408,1.0,0.048,LOW,0.07,0.0
361.21,0.408,1.0,0.048,LOW,0.07,0.0
361.34,0.405,1.0,0.048,LOW,0.07,0.0
361.47,0.404,1.0,0.048,LOW,0.07,0.0
361.54,0.404,1.0,0.048,LOW,0.07,0.0
361.59,0.402,1.0,0.048,LOW,0.07,0.0
361.71,0.401,1.0,0.048,LOW,0.07,0.0
361.81,0.401,1.0,0.048,LOW,0.07,0.0
361.87,0.401,0.983,0.049,LOW,0.07,0.0
362.1,0.399,0.983,0.049,LOW,0.07,0.0
362.17,0.399,0.983,0.049,LOW,0.07,0.0
362.29,0.399,0.983,0.049,LOW,0.07,0.0
362.36,0.398,0.983,0.049,LOW,0.07,0.0
362.42,0.397,0.983,0.049,LOW,0.07,0.0
362.48,0.397,0.983,0.049,LOW,0.07,0.0
362.72,0.395,0.983,0.049,LOW,0.0,0.315
362.74,0.395,0.983,0.049,LOW,0.0,0.315
362.89,0.394,0.983,0.049,LOW,0.0,0.316
362.94,0.394,0.983,0.049,LOW,0.0,0.316
363.06,0.393,0.983,0.049,LOW,0.07,0.0
363.18,0.393,0.983,0.049,LOW,0.07,0.0
363.24,0.393,0.983,0.049,LOW,0.07,0.0
363.29,0.393,0.983,0.049,LOW,0.07,0.0
363.4,0.393,0.983,0.049,LOW,0.07,0.0
363.5,0.393,0.983,0.049,LOW,0.07,0.0
363.63,0.393,0.983,0.049,LOW,0.07,0.0
363.75,0.393,0.983,0.049,LOW,0.07,0.0
363.89,0.393,0.983,0.049,LOW,0.07,0.0
363.95,0.393,0.983,0.049,LOW,0.07,0.0
364.06,0.393,0.983,0.049,LOW,0.07,0.0
364.17,0.393,0.983,0.049,LOW,0.07,0.0
364.34,0.392,0.983,0.049,LOW,0.07,0.0
364.36,0.392,0.983,0.049,LOW,0.07,0.0
364.4,0.392,0.983,0.049,LOW,0.07,0.0
364.48,0.391,0.992,0.049,LOW,0.07,0.0
364.59,0.391,0.992,0.049,LOW,0.07,0.0
364.67,0.391,0.992,0.049,LOW,0.07,0.0
364.81,0.391,0.992,0.049,LOW,0.07,0.0
364.89,0.39,0.992,0.049,LOW,0.07,0.0
364.99,0.39,0.992,0.049,LOW,0.07,0.0
365.15,0.39,0.992,0.049,LOW,0.07,0.0
365.21,0.39,0.992,0.049,LOW,0.07,0.0
365.3,0.388,0.992,0.049,LOW,0.07,0.0
365.37,0.388,0.992,0.049,LOW,0.07,0.0
365.48,0.388,0.992,0.049,LOW,0.07,0.0
365.58,0.387,0.992,0.049,LOW,0.07,0.0
365.68,0.387,0.992,0.049,LOW,0.07,0.0
365.82,0.387,0.992,0.049,LOW,0.07,0.0
365.92,0.387,0.992,0.049,LOW,0.07,0.0
366.04,0.385,0.992,0.049,LOW,0.07,0.0
366.07,0.385,0.992,0.049,LOW,0.07,0.0
366.22,0.385,0.992,0.049,LOW,0.07,0.0
366.29,0.384,0.992,0.049,LOW,0.07,0.0
366.38,0.384,0.992,0.049,LOW,0.07,0.0
366.55,0.383,0.992,0.049,LOW,0.0,0.315
366.64,0.381,0.992,0.049,LOW,0.0,0.316
366.78,0.381,0.992,0.049,LOW,0.0,0.316
366.86,0.381,0.992,0.049,LOW,0.0,0.316
366.88,0.381,0.992,0.049,LOW,0.0,0.316
366.97,0.38,0.992,0.049,LOW,0.07,0.0
367.13,0.38,0.992,0.049,LOW,0.07,0.0
367.27,0.38,0.992,0.049,LOW,0.07,0.0
367.34,0.38,0.992,0.049,LOW,0.07,0.0
367.45,0.38,0.992,0.049,LOW,0.07,0.0
367.55,0.38,0.992,0.049,LOW,0.07,0.0
367.68,0.38,0.992,0.049,LOW,0.07,0.0
367.72,0.38,0.974,0.048,LOW,0.07,0.0
367.8,0.379,0.974,0.048,LOW,0.07,0.0
367.94,0.378,0.974,0.048,LOW,0.07,0.0
368.07,0.375,0.974,0.048,LOW,0.0,0.316
368.16,0.375,0.974,0.048,LOW,0.0,0.316
368.23,0.375,0.974,0.048,LOW,0.0,0.316
368.38,0.373,0.974,0.048,LOW,0.07,0.0
368.43,0.373,0.974,0.048,LOW,0.07,0.0
368.55,0.373,0.974,0.048,LOW,0.07,0.0
368.67,0.373,0.974,0.048,LOW,0.07,0.0
368.69,0.373,0.974,0.048,LOW,0.07,0.0
368.87,0.373,0.974,0.048,LOW,0.07,0.0
368.98,0.373,0.974,0.048,LOW,0.07,0.0
369.06,0.372,0.974,0.048,LOW,0.07,0.0
369.1,0.372,0.974,0.048,LOW,0.07,0.0
369.26,0.371,0.974,0.048,LOW,0.07,0.0
369.31,0.371,0.974,0.048,LOW,0.07,0.0
369.42,0.371,0.974,0.048,LOW,0.07,0.0
369.47,0.369,0.953,0.047,LOW,0.07,0.0
369.63,0.369,0.953,0.047,LOW,0.07,0.0
369.7,0.368,0.953,0.047,LOW,0.07,0.0
369.8,0.368,0.953,0.047,LOW,0.07,0.0
369.91,0.367,0.953,0.047,LOW,0.07,0.0
370.1,0.367,0.953,0.047,LOW,0.07,0.0
370.2,0.367,0.953,0.047,LOW,0.07,0.0
370.26,0.367,0.953,0.047,LOW,0.07,0.0
370.3,0.365,0.953,0.047,LOW,0.07,0.0
370.41,0.365,0.953,0.047,LOW,0.07,0.0
370.55,0.365,0.953,0.047,LOW,0.07,0.0
370.59,0.364,0.953,0.047,LOW,0.07,0.0
370.7,0.364,0.953,0.047,LOW,0.07,0.0
370.89,0.363,0.953,0.047,LOW,0.07,0.0
370.96,0.363,0.953,0.047,LOW,0.07,0.0
371.01,0.363,0.953,0.047,LOW,0.07,0.0
371.1,0.361,0.953,0.047,LOW,0.0,0.314
371.17,0.361,0.953,0.047,LOW,0.0,0.314
371.28,0.361,0.953,0.047,LOW,0.0,0.314
371.5,0.361,0.953,0.047,LOW,0.0,0.314
371.59,0.361,0.953,0.047,LOW,0.0,0.314
371.73,0.361,0.953,0.047,LOW,0.07,0.0
371.79,0.361,0.953,0.047,LOW,0.07,0.0
371.88,0.361,0.955,0.048,LOW,0.07,0.0
372.17,0.361,0.955,0.048,LOW,0.07,0.0
372.29,0.361,0.955,0.048,LOW,0.07,0.0
372.38,0.361,0.955,0.048,LOW,0.07,0.0
372.39,0.361,0.955,0.048,LOW,0.07,0.0
372.5,0.36,0.955,0.048,LOW,0.07,0.0
372.63,0.36,0.955,0.048,LOW,0.07,0.0
372.71,0.36,0.955,0.048,LOW,0.07,0.0
372.8,0.359,0.955,0.048,LOW,0.07,0.0
372.96,0.359,0.955,0.048,LOW,0.07,0.0
373.02,0.359,0.955,0.048,LOW,0.07,0.0
373.09,0.359,0.955,0.048,LOW,0.07,0.0
373.2,0.358,0.955,0.048,LOW,0.07,0.0
373.34,0.358,0.955,0.048,LOW,0.07,0.0
373.38,0.356,0.955,0.048,LOW,0.07,0.0
373.6,0.356,0.955,0.048,LOW,0.07,0.0
373.62,0.356,0.955,0.048,LOW,0.07,0.0
373.68,0.355,0.955,0.048,LOW,0.07,0.0
373.8,0.355,0.955,0.048,LOW,0.07,0.0
373.92,0.354,0.955,0.048,LOW,0.07,0.0
374.06,0.354,0.955,0.048,LOW,0.07,0.0
374.09,0.354,0.955,0.048,LOW,0.07,0.0
374.23,0.352,0.955,0.048,LOW,0.07,0.0
374.34,0.352,0.955,0.048,LOW,0.07,0.0
374.4,0.351,0.955,0.048,LOW,0.07,0.0
374.53,0.351,0.955,0.048,LOW,0.07,0.0
374.63,0.351,0.955,0.048,LOW,0.07,0.0
374.77,0.349,0.945,0.048,LOW,0.07,0.0
374.79,0.349,0.945,0.048,LOW,0.07,0.0
374.96,0.348,0.945,0.048,LOW,0.07,0.0
375.02,0.348,0.945,0.048,LOW,0.07,0.0
375.12,0.348,0.945,0.048,LOW,0.07,0.0
375.24,0.347,0.945,0.048,LOW,0.07,0.0
375.29,0.347,0.945,0.048,LOW,0.07,0.0
375.41,0.347,0.945,0.048,LOW,0.07,0.0
375.5,0.347,0.945,0.048,LOW,0.07,0.0
375.57,0.345,0.945,0.048,LOW,0.07,0.0
375.69,0.345,0.945,0.048,LOW,0.07,0.0
375.81,0.345,0.945,0.048,LOW,0.07,0.0
375.88,0.344,0.945,0.048,LOW,0.07,0.0
376.07,0.344,0.945,0.048,LOW,0.07,0.0
376.07,0.344,0.945,0.048,LOW,0.07,0.0
376.19,0.344,0.945,0.048,LOW,0.07,0.0
376.3,0.343,0.945,0.048,LOW,0.0,0.315
376.37,0.343,0.945,0.048,LOW,0.0,0.315
376.48,0.343,0.945,0.048,LOW,0.0,0.315
376.58,0.343,0.945,0.048,LOW,0.0,0.315
376.7,0.342,0.945,0.048,LOW,0.07,0.0
376.81,0.342,0.945,0.048,LOW,0.07,0.0
376.89,0.342,0.945,0.048,LOW,0.07,0.0
377.03,0.342,0.945,0.048,LOW,0.07,0.0
377.16,0.342,0.945,0.048,LOW,0.07,0.0
377.27,0.342,0.945,0.048,LOW,0.07,0.0
377.4,0.342,0.945,0.048,LOW,0.07,0.0
377.54,0.342,0.945,0.048,LOW,0.07,0.0
377.67,0.341,0.945,0.048,LOW,0.07,0.0
377.75,0.341,0.945,0.048,LOW,0.07,0.0
377.78,0.34,0.934,0.047,LOW,0.07,0.0
377.94,0.34,0.934,0.047,LOW,0.07,0.0
378.02,0.339,0.934,0.047,LOW,0.07,0.0
378.11,0.339,0.934,0.047,LOW,0.07,0.0
378.23,0.339,0.934,0.047,LOW,0.07,0.0
378.3,0.337,0.934,0.047,LOW,0.07,0.0
378.39,0.336,0.934,0.047,LOW,0.07,0.0
378.51,0.336,0.934,0.047,LOW,0.07,0.0
378.58,0.334,0.934,0.047,LOW,0.07,0.0
378.75,0.334,0.934,0.047,LOW,0.07,0.0
378.82,0.334,0.934,0.047,LOW,0.07,0.0
378.99,0.333,0.934,0.047,LOW,0.07,0.0
379.06,0.333,0.934,0.047,LOW,0.07,0.0
379.09,0.333,0.934,0.047,LOW,0.07,0.0
379.19,0.332,0.934,0.047,LOW,0.07,0.0
379.31,0.33,0.934,0.047,LOW,0.07,0.0
379.4,0.33,0.934,0.047,LOW,0.07,0.0
379.51,0.33,0.934,0.047,LOW,0.07,0.0
379.59,0.329,0.934,0.047,LOW,0.07,0.0
379.69,0.328,0.934,0.047,LOW,0.0,0.315
379.87,0.328,0.934,0.047,LOW,0.0,0.315
379.91,0.328,0.934,0.047,LOW,0.0,0.315
380.02,0.327,0.934,0.047,LOW,0.07,0.0
380.11,0.327,0.92,0.047,LOW,0.07,0.0
380.19,0.327,0.92,0.045,LOW,0.07,0.0
380.31,0.327,0.92,0.045,LOW,0.07,0.0
380.4,0.327,0.92,0.045,LOW,0.07,0.0
380.53,0.327,0.92,0.045,LOW,0.07,0.0
380.63,0.327,0.92,0.045,LOW,0.07,0.0
380.75,0.327,0.92,0.045,LOW,0.07,0.0
380.81,0.327,0.92,0.045,LOW,0.07,0.0
380.91,0.327,0.92,0.045,LOW,0.07,0.0
380.99,0.326,0.92,0.045,LOW,0.07,0.0
381.09,0.326,0.92,0.045,LOW,0.07,0.0
381.2,0.325,0.92,0.045,LOW,0.07,0.0
381.31,0.324,0.92,0.045,LOW,0.07,0.0
381.4,0.324,0.92,0.045,LOW,0.07,0.0
381.55,0.322,0.92,0.045,LOW,0.07,0.0
381.59,0.321,0.92,0.045,LOW,0.07,0.0
381.72,0.321,0.92,0.045,LOW,0.07,0.0
381.78,0.32,0.92,0.045,LOW,0.07,0.0
381.9,0.32,0.92,0.045,LOW,0.07,0.0
381.98,0.318,0.92,0.045,LOW,0.07,0.0
382.13,0.318,0.92,0.045,LOW,0.07,0.0
382.28,0.317,0.92,0.045,LOW,0.07,0.0
382.31,0.317,0.92,0.045,LOW,0.07,0.0
382.42,0.317,0.92,0.045,LOW,0.07,0.0
382.54,0.315,0.909,0.047,LOW,0.07,0.0
382.62,0.315,0.909,0.047,LOW,0.07,0.0
382.73,0.315,0.909,0.047,LOW,0.07,0.0
382.81,0.315,0.909,0.047,LOW,0.07,0.0
382.93,0.314,0.909,0.047,LOW,0.0,0.315
383.0,0.314,0.909,0.047,LOW,0.0,0.315
383.13,0.313,0.909,0.047,LOW,0.0,0.315
383.3,0.313,0.909,0.047,LOW,0.07,0.0
383.39,0.313,0.909,0.047,LOW,0.07,0.0
383.46,0.313,0.909,0.047,LOW,0.07,0.0
383.5,0.313,0.909,0.047,LOW,0.07,0.0
383.62,0.313,0.909,0.047,LOW,0.07,0.0
383.7,0.313,0.909,0.047,LOW,0.07,0.0
383.82,0.313,0.909,0.047,LOW,0.07,0.0
383.89,0.312,0.909,0.047,LOW,0.07,0.0
384.0,0.312,0.909,0.047,LOW,0.07,0.0
384.17,0.312,0.909,0.047,LOW,0.07,0.0
384.21,0.311,0.909,0.047,LOW,0.07,0.0
384.29,0.311,0.909,0.047,LOW,0.07,0.0
384.42,0.31,0.909,0.047,LOW,0.07,0.0
384.5,0.308,0.909,0.047,LOW,0.07,0.0
384.61,0.308,0.909,0.047,LOW,0.07,0.0
384.73,0.307,0.909,0.047,LOW,0.07,0.0
384.81,0.307,0.903,0.046,LOW,0.07,0.0
384.97,0.307,0.903,0.046,LOW,0.07,0.0
385.02,0.307,0.903,0.046,LOW,0.07,0.0
385.11,0.304,0.903,0.046,LOW,0.07,0.0
385.23,0.304,0.903,0.046,LOW,0.07,0.0
385.34,0.304,0.903,0.046,LOW,0.07,0.0
385.4,0.303,0.903,0.046,LOW,0.07,0.0
385.49,0.301,0.903,0.046,LOW,0.07,0.0
385.58,0.3,0.903,0.046,LOW,0.07,0.0
385.69,0.299,0.903,0.046,LOW,0.07,0.0
385.82,0.299,0.903,0.046,LOW,0.07,0.0
385.89,0.297,0.903,0.046,LOW,0.07,0.0
386.03,0.297,0.903,0.046,LOW,0.07,0.0
386.11,0.296,0.903,0.046,LOW,0.0,0.315
386.21,0.296,0.903,0.046,LOW,0.0,0.315
386.27,0.296,0.903,0.046,LOW,0.0,0.315
386.44,0.296,0.903,0.046,LOW,0.07,0.0
386.53,0.296,0.891,0.046,LOW,0.07,0.0
386.59,0.296,0.891,0.046,LOW,0.07,0.0
386.7,0.296,0.891,0.046,LOW,0.07,0.0
386.81,0.295,0.891,0.046,LOW,0.07,0.0
386.91,0.295,0.891,0.046,LOW,0.07,0.0
387.0,0.295,0.891,0.046,LOW,0.07,0.0
387.11,0.295,0.891,0.046,LOW,0.07,0.0
387.24,0.295,0.891,0.046,LOW,0.07,0.0
387.32,0.295,0.891,0.046,LOW,0.07,0.0
387.42,0.295,0.891,0.046,LOW,0.07,0.0
387.59,0.294,0.891,0.046,LOW,0.07,0.0
387.68,0.294,0.891,0.046,LOW,0.07,0.0
387.81,0.294,0.891,0.046,LOW,0.07,0.0
387.97,0.294,0.891,0.046,LOW,0.07,0.0
388.11,0.294,0.891,0.046,LOW,0.07,0.0
388.25,0.293,0.891,0.046,LOW,0.07,0.0
388.34,0.293,0.891,0.046,LOW,0.07,0.0
388.47,0.29,0.891,0.046,LOW,0.07,0.0
388.56,0.29,0.891,0.046,LOW,0.07,0.0
388.61,0.29,0.891,0.046,LOW,0.07,0.0
388.7,0.289,0.891,0.046,LOW,0.07,0.0
388.84,0.287,0.891,0.046,LOW,0.07,0.0
388.97,0.286,0.891,0.046,LOW,0.07,0.0
389.0,0.286,0.891,0.046,LOW,0.07,0.0
389.1,0.286,0.891,0.046,LOW,0.07,0.0
389.22,0.286,0.891,0.046,LOW,0.07,0.0
389.33,0.286,0.892,0.044,LOW,0.07,0.0
389.44,0.284,0.892,0.044,LOW,0.07,0.0
389.48,0.284,0.892,0.044,LOW,0.07,0.0
389.62,0.283,0.892,0.044,LOW,0.07,0.0
389.71,0.283,0.892,0.044,LOW,0.07,0.0
389.82,0.282,0.892,0.044,LOW,0.07,0.0
389.9,0.282,0.892,0.044,LOW,0.07,0.0
390.06,0.28,0.892,0.044,LOW,0.07,0.0
390.07,0.279,0.892,0.044,LOW,0.0,0.314
390.24,0.279,0.892,0.044,LOW,0.0,0.314
390.32,0.279,0.892,0.044,LOW,0.0,0.314
390.6,0.278,0.892,0.044,LOW,0.07,0.0
390.61,0.278,0.892,0.044,LOW,0.07,0.0
390.68,0.278,0.892,0.044,LOW,0.07,0.0
390.81,0.278,0.892,0.044,LOW,0.07,0.0
390.95,0.278,0.892,0.044,LOW,0.07,0.0
391.05,0.278,0.892,0.044,LOW,0.07,0.0
391.2,0.278,0.892,0.044,LOW,0.07,0.0
391.27,0.278,0.892,0.044,LOW,0.07,0.0
391.29,0.278,0.892,0.044,LOW,0.07,0.0
391.37,0.278,0.892,0.044,LOW,0.07,0.0
391.49,0.278,0.892,0.044,LOW,0.07,0.0
391.65,0.278,0.892,0.044,LOW,0.07,0.0
391.72,0.278,0.892,0.044,LOW,0.07,0.0
391.77,0.277,0.892,0.044,LOW,0.07,0.0
391.93,0.277,0.892,0.044,LOW,0.07,0.0
392.01,0.276,0.892,0.044,LOW,0.07,0.0
392.12,0.276,0.892,0.044,LOW,0.07,0.0
392.23,0.275,0.874,0.046,LOW,0.07,0.0
392.32,0.275,0.874,0.046,LOW,0.07,0.0
392.41,0.275,0.874,0.046,LOW,0.07,0.0
392.51,0.273,0.874,0.046,LOW,0.07,0.0
392.59,0.273,0.874,0.046,LOW,0.07,0.0
392.81,0.273,0.874,0.046,LOW,0.07,0.0
392.9,0.273,0.874,0.046,LOW,0.07,0.0
392.91,0.273,0.874,0.046,LOW,0.07,0.0
393.05,0.272,0.874,0.046,LOW,0.07,0.0
393.11,0.272,0.874,0.046,LOW,0.07,0.0
393.18,0.272,0.874,0.046,LOW,0.07,0.0
393.3,0.27,0.874,0.046,LOW,0.07,0.0
393.4,0.27,0.874,0.046,LOW,0.07,0.0
393.52,0.269,0.874,0.046,LOW,0.0,0.315
393.6,0.269,0.874,0.046,LOW,0.0,0.315
393.76,0.269,0.874,0.046,LOW,0.0,0.315
393.78,0.269,0.874,0.046,LOW,0.0,0.315
393.9,0.268,0.874,0.046,LOW,0.07,0.0
393.99,0.268,0.874,0.046,LOW,0.07,0.0
394.11,0.268,0.874,0.046,LOW,0.07,0.0
394.21,0.268,0.874,0.046,LOW,0.07,0.0
394.31,0.268,0.874,0.046,LOW,0.07,0.0
394.44,0.268,0.874,0.046,LOW,0.07,0.0
394.5,0.268,0.874,0.046,LOW,0.07,0.0
394.6,0.268,0.874,0.046,LOW,0.07,0.0
394.7,0.268,0.874,0.046,LOW,0.07,0.0
394.81,0.267,0.874,0.046,LOW,0.07,0.0
394.92,0.267,0.874,0.046,LOW,0.07,0.0
395.02,0.267,0.874,0.046,LOW,0.07,0.0
395.09,0.267,0.874,0.046,LOW,0.07,0.0
395.21,0.266,0.874,0.046,LOW,0.07,0.0
395.31,0.264,0.868,0.046,LOW,0.07,0.0
395.43,0.264,0.868,0.046,LOW,0.07,0.0
395.48,0.264,0.868,0.046,LOW,0.07,0.0
395.62,0.263,0.868,0.046,LOW,0.07,0.0
395.74,0.263,0.868,0.046,LOW,0.07,0.0
395.83,0.262,0.868,0.046,LOW,0.0,0.316
395.88,0.262,0.868,0.046,LOW,0.0,0.316
396.01,0.261,0.868,0.046,LOW,0.07,0.0
396.13,0.261,0.868,0.046,LOW,0.07,0.0
396.18,0.261,0.868,0.046,LOW,0.07,0.0
396.3,0.261,0.868,0.046,LOW,0.07,0.0
396.43,0.261,0.868,0.046,LOW,0.07,0.0
396.49,0.261,0.868,0.046,LOW,0.07,0.0
396.61,0.26,0.868,0.046,LOW,0.07,0.0
396.69,0.26,0.868,0.046,LOW,0.07,0.0
396.83,0.26,0.868,0.046,LOW,0.07,0.0
396.88,0.258,0.868,0.046,LOW,0.07,0.0
397.02,0.258,0.868,0.046,LOW,0.07,0.0
397.08,0.257,0.868,0.046,LOW,0.07,0.0
397.22,0.257,0.868,0.046,LOW,0.07,0.0
397.33,0.257,0.868,0.046,LOW,0.07,0.0
397.42,0.257,0.868,0.046,LOW,0.07,0.0
397.47,0.256,0.868,0.046,LOW,0.0,0.314
397.6,0.256,0.868,0.046,LOW,0.0,0.314
397.69,0.255,0.855,0.046,LOW,0.07,0.0
397.83,0.255,0.855,0.046,LOW,0.07,0.0
397.91,0.255,0.855,0.046,LOW,0.07,0.0
397.99,0.255,0.855,0.046,LOW,0.07,0.0
398.08,0.255,0.855,0.046,LOW,0.07,0.0
398.24,0.255,0.855,0.046,LOW,0.07,0.0
398.32,0.255,0.855,0.046,LOW,0.07,0.0
398.38,0.254,0.855,0.046,LOW,0.07,0.0
398.51,0.254,0.855,0.046,LOW,0.07,0.0
398.61,0.253,0.855,0.046,LOW,0.07,0.0
398.73,0.253,0.855,0.046,LOW,0.07,0.0
398.79,0.253,0.855,0.046,LOW,0.07,0.0
398.98,0.252,0.855,0.046,LOW,0.07,0.0
399.1,0.252,0.855,0.046,LOW,0.07,0.0
399.12,0.25,0.855,0.046,LOW,0.07,0.0
399.21,0.25,0.855,0.046,LOW,0.07,0.0
399.31,0.25,0.855,0.046,LOW,0.07,0.0
399.38,0.24883831635524536,0.854668140411377,0.046159777790308,LOW,0.0,0.0
